Campaign id,Date,Click count
501,2018-11-27,1
501,2018-12-04,1
501,2018-10-26,1
501,2018-10-25,1
501,2018-10-01,1
501,2018-10-03,6
501,2018-10-04,1
501,2018-10-16,1
501,2018-10-09,2
1001,2018-09-04,1
1001,2018-09-06,1
1001,2018-09-02,1
1001,2018-10-11,1
1002,2018-10-01,1
1003,2018-10-26,1
1401,2018-09-06,1
1401,2018-09-04,1
1401,2018-10-05,1
1401,2018-09-01,1
1401,2018-10-11,1
1402,2018-10-01,1
2201,2018-11-07,1
2201,2018-09-06,3
2201,2019-01-10,1
2201,2018-10-12,1
2201,2018-10-10,3
2201,2018-10-05,6
2201,2018-10-01,2
2201,2018-09-21,1
2201,2018-09-28,1
2201,2018-10-14,4
2201,2018-12-10,1
2201,2018-11-27,1
2201,2019-01-01,1
2201,2018-12-05,2
2201,2018-12-06,1
2201,2018-12-08,2
2201,2018-11-13,1
2201,2019-01-03,1
2201,2018-11-05,1
2201,2019-01-17,1
2201,2018-09-05,2
2202,2018-09-10,1
2202,2018-09-17,1
2202,2018-09-18,4
2202,2018-11-07,4
2202,2018-12-20,1
2202,2018-11-19,1
2202,2018-09-19,1
2202,2018-11-13,1
2202,2018-09-07,1
2202,2018-11-14,4
2202,2018-12-07,1
2202,2018-09-13,1
2202,2018-12-13,1
2202,2018-12-11,1
2202,2018-11-08,3
2202,2018-11-09,2
2202,2018-11-30,1
2202,2019-01-10,1
2202,2018-11-22,1
2202,2018-11-27,2
2202,2018-11-29,4
2202,2019-01-08,2
2202,2019-01-09,1
2202,2019-01-03,1
2202,2019-01-26,1
2202,2019-01-20,1
2202,2019-01-28,3
2202,2018-10-15,4
2202,2018-10-07,3
2202,2018-10-02,1
2202,2018-10-01,1
2202,2018-10-08,1
2202,2018-09-11,1
2202,2018-10-17,1
2202,2018-10-10,2
2202,2018-10-18,1
2202,2018-09-06,5
2202,2018-09-03,3
2202,2018-09-21,2
2202,2018-09-20,1
2202,2018-09-25,1
2202,2018-10-22,1
2202,2018-10-25,1
2202,2018-10-27,1
2202,2018-10-26,1
2202,2018-10-30,1
2202,2018-09-05,2
2202,2018-09-24,6
3001,2018-12-18,757
3001,2018-12-19,729
3001,2018-12-14,763
3001,2018-12-15,711
3001,2018-12-16,767
3001,2018-12-17,763
3001,2018-12-10,709
3001,2018-12-11,707
3001,2018-12-12,611
3001,2018-12-13,613
3001,2019-01-19,1717
3001,2019-01-18,1598
3001,2019-01-15,1478
3001,2019-01-14,1417
3001,2019-01-17,1748
3001,2019-01-16,1405
3001,2019-01-11,2709
3001,2019-01-10,3100
3001,2019-01-13,3363
3001,2019-01-12,2925
3001,2018-11-11,627
3001,2018-11-10,791
3001,2018-11-13,714
3001,2018-11-12,894
3001,2018-11-15,668
3001,2018-11-14,729
3001,2018-11-17,867
3001,2018-11-19,896
3001,2018-11-18,697
3001,2018-08-31,15102
3001,2018-12-29,753
3001,2018-12-28,730
3001,2018-12-21,776
3001,2018-12-20,771
3001,2018-12-23,728
3001,2018-12-22,779
3001,2018-12-25,789
3001,2018-12-24,821
3001,2018-12-27,702
3001,2018-12-26,793
3001,2018-09-26,15472
3001,2018-09-20,4737
3001,2019-01-08,1372
3001,2019-01-09,1005
3001,2019-01-02,15
3001,2019-01-03,11
3001,2019-01-01,17
3001,2019-01-06,1571
3001,2019-01-07,1043
3001,2019-01-04,1808
3001,2019-01-05,606
3001,2018-10-06,1822
3001,2018-10-02,770
3001,2018-11-06,677
3001,2018-11-07,870
3001,2018-11-04,1036
3001,2018-11-05,1081
3001,2018-11-02,1210
3001,2018-11-03,1151
3001,2018-11-01,1183
3001,2018-12-30,26
3001,2018-12-31,21
3001,2018-09-03,75
3001,2018-09-02,80
3001,2018-10-27,768
3001,2018-10-26,740
3001,2018-09-05,1737
3001,2018-09-04,1006
3001,2018-11-16,771
3001,2019-01-30,4479
3001,2018-08-30,19739
3001,2018-10-29,208
3001,2018-10-23,1846
3001,2018-10-22,2022
3001,2018-10-21,1947
3001,2018-11-30,24
3001,2018-10-25,790
3001,2018-10-24,1246
3001,2018-09-11,1427
3001,2018-09-12,1291
3001,2018-09-14,1771
3001,2018-09-16,1502
3001,2018-09-17,6638
3001,2018-10-05,2380
3001,2018-10-04,819
3001,2018-10-07,2812
3001,2018-10-01,1322
3001,2018-10-03,1111
3001,2018-10-09,2145
3001,2018-10-08,1987
3001,2018-09-13,1320
3001,2018-09-01,127
3001,2018-09-07,1117
3001,2018-09-06,1150
3001,2018-09-15,1571
3001,2018-09-27,2423
3001,2018-09-21,6942
3001,2018-10-12,1748
3001,2018-10-13,2281
3001,2018-10-10,1927
3001,2018-10-11,2260
3001,2018-10-16,1939
3001,2018-10-17,1796
3001,2018-10-14,1894
3001,2018-10-15,1927
3001,2018-10-18,1909
3001,2018-10-19,1775
3001,2018-09-29,33686
3001,2018-09-18,2979
3001,2018-09-19,4086
3001,2018-11-08,706
3001,2018-11-09,808
3001,2018-09-08,1267
3001,2018-09-10,1385
3001,2018-10-30,47
3001,2019-01-22,397
3001,2018-09-25,14811
3001,2018-09-24,11744
3001,2018-10-31,342
3001,2019-01-23,5
3001,2018-09-23,23619
3001,2018-09-22,12173
3001,2018-09-28,26226
3001,2019-01-29,12547
3001,2018-09-09,1293
3001,2018-10-28,711
3001,2019-01-31,175
3001,2018-09-30,709
3001,2018-10-20,2119
3001,2018-08-29,22231
3001,2018-12-09,565
3001,2018-12-08,757
3001,2018-12-07,863
3001,2018-12-06,593
3001,2018-12-05,638
3001,2018-12-04,549
3001,2018-12-03,1027
3001,2018-12-02,17
3001,2018-12-01,17
3001,2019-01-20,3304
3001,2019-01-21,737
3001,2019-01-24,5
3001,2019-01-25,473
3001,2019-01-26,4431
3001,2019-01-27,3903
3001,2019-01-28,4104
3001,2018-11-24,707
3001,2018-11-25,699
3001,2018-11-26,734
3001,2018-11-27,741
3001,2018-11-20,575
3001,2018-11-21,859
3001,2018-11-22,632
3001,2018-11-23,897
3001,2018-11-28,220
3001,2018-11-29,35
3002,2018-12-19,6
3002,2018-12-15,1
3002,2018-10-24,4
3002,2019-01-07,4
3002,2019-01-06,1
3002,2018-10-31,1
3002,2018-09-09,2
3002,2018-10-21,1
3002,2018-10-27,1
3002,2019-01-08,6
3002,2019-01-05,1
3002,2019-01-04,2
3002,2019-01-10,1
3002,2018-12-26,1
3002,2018-12-22,1
3002,2018-08-30,4
3002,2019-01-28,1
3002,2018-12-11,1
3002,2018-12-13,1
3002,2018-12-17,1
3002,2019-01-30,1
3002,2018-12-06,1
3002,2018-12-07,1
3002,2018-12-04,1
3002,2018-12-05,1
3002,2018-12-01,1
3002,2018-12-09,1
3002,2018-11-07,7
3002,2018-09-18,3
3002,2018-11-25,1
3002,2018-11-15,3
3002,2018-11-16,1
3002,2018-11-13,1
3002,2018-11-24,1
3002,2018-11-29,1
3002,2018-11-28,7
3002,2018-11-22,3
3002,2018-11-26,2
3002,2018-11-30,8
3002,2018-09-20,7
3002,2018-11-08,5
3002,2018-09-03,1
3002,2018-09-01,1
3002,2018-10-10,1
3002,2018-10-15,1
3003,2018-11-28,10
3003,2018-11-29,2
3003,2018-12-19,1
3003,2018-09-18,1
3003,2018-10-24,3
3003,2018-10-11,1
3003,2018-11-07,2
3003,2019-01-07,1
3003,2019-01-08,3
3003,2018-09-03,1
3003,2018-12-07,1
3004,2018-11-22,1
3004,2018-11-24,1
3004,2018-09-21,2
3004,2018-10-24,1
3004,2018-12-19,4
3004,2019-01-08,3
3004,2018-11-28,6
3004,2018-09-20,1
3004,2018-11-26,1
3004,2018-11-13,1
3004,2018-09-17,1
3005,2018-11-26,1
3005,2018-11-28,4
3005,2018-12-19,1
3005,2019-01-07,1
3005,2019-01-08,2
3005,2018-10-11,1
3005,2018-10-24,1
3006,2019-01-08,2
3006,2018-10-24,1
3006,2018-11-28,5
3006,2018-12-19,1
3006,2018-10-11,1
3007,2019-01-08,1
3007,2019-01-07,1
3007,2018-11-28,5
3007,2018-11-29,2
3007,2018-12-19,1
3007,2018-11-27,2
3007,2018-10-24,2
3007,2018-09-03,1
3007,2018-11-08,6
6005,2018-10-21,1
6005,2018-09-22,1
6005,2018-10-18,1
6006,2018-09-04,1
6007,2018-10-21,2
6009,2019-01-03,1
6009,2018-12-06,1
6009,2018-12-07,1
6009,2018-12-04,2
6009,2018-12-05,2
6009,2018-12-02,3
6009,2018-12-03,3
6009,2018-12-01,2
6009,2018-12-08,1
6009,2018-12-09,1
6009,2018-09-22,13
6009,2018-09-24,17
6009,2018-09-25,13
6009,2018-09-26,21
6009,2018-09-27,15
6009,2018-10-05,6
6009,2018-11-12,3
6009,2018-09-15,25
6009,2018-09-14,14
6009,2018-09-17,20
6009,2018-09-16,24
6009,2018-09-11,18
6009,2018-09-13,16
6009,2018-09-19,24
6009,2018-09-18,32
6009,2018-10-12,6
6009,2018-10-10,14
6009,2018-09-03,42
6009,2018-09-01,55
6009,2018-09-06,38
6009,2018-11-30,2
6009,2018-09-08,41
6009,2018-09-09,27
6009,2018-11-20,4
6009,2018-11-22,4
6009,2018-10-13,8
6009,2018-10-11,9
6009,2018-11-24,2
6009,2018-10-17,9
6009,2018-10-16,5
6009,2018-10-15,9
6009,2018-10-14,6
6009,2018-10-19,2
6009,2018-10-18,7
6009,2018-11-14,3
6009,2018-11-15,8
6009,2018-11-16,5
6009,2018-11-17,6
6009,2018-09-29,13
6009,2018-11-10,6
6009,2018-11-11,6
6009,2018-09-20,34
6009,2018-09-23,13
6009,2018-08-29,4857
6009,2019-01-12,1
6009,2019-01-13,1
6009,2019-01-15,12
6009,2018-10-01,9
6009,2018-10-02,7
6009,2018-10-03,5
6009,2018-10-04,10
6009,2019-01-16,2
6009,2018-10-06,13
6009,2018-10-07,9
6009,2018-10-08,11
6009,2018-10-09,13
6009,2018-11-13,5
6009,2018-08-30,1695
6009,2018-08-31,67
6009,2018-10-31,9
6009,2018-10-30,5
6009,2018-11-01,6
6009,2018-09-21,9
6009,2018-09-02,28
6009,2019-01-10,10
6009,2019-01-11,13
6009,2018-10-28,3
6009,2018-10-29,5
6009,2018-10-22,3
6009,2018-10-23,3
6009,2018-10-20,2
6009,2018-10-21,4
6009,2018-10-26,3
6009,2018-10-27,2
6009,2018-10-24,5
6009,2018-10-25,5
6009,2018-12-14,3
6009,2018-09-07,27
6009,2018-09-04,40
6009,2019-01-02,2
6009,2019-01-07,1
6009,2019-01-06,1
6009,2019-01-04,1
6009,2019-01-09,1
6009,2019-01-08,2
6009,2018-09-10,20
6009,2018-09-12,24
6009,2019-01-18,1
6009,2019-01-19,1
6009,2018-09-28,3
6009,2018-11-21,3
6009,2019-01-28,1
6009,2019-01-27,2
6009,2019-01-21,1
6009,2018-11-23,4
6009,2018-11-27,4
6009,2018-11-26,4
6009,2018-11-07,2
6009,2018-11-05,3
6009,2018-12-25,4
6009,2018-12-27,2
6009,2018-12-20,3
6009,2018-12-21,1
6009,2018-12-22,1
6009,2018-12-23,1
6009,2018-12-28,6
6009,2018-12-29,1
6009,2019-01-31,1
6009,2018-11-18,3
6009,2018-11-19,3
6009,2018-12-11,1
6009,2018-12-10,1
6009,2018-12-12,1
6009,2018-12-17,3
6009,2018-12-19,10
6009,2018-12-18,8
6009,2018-11-09,5
6009,2018-11-08,5
6009,2018-11-04,9
6009,2018-11-03,2
6009,2018-11-02,9
6009,2018-11-29,4
6009,2018-11-28,5
6009,2018-09-05,43
6009,2018-09-30,4
6010,2018-11-02,5
6010,2018-08-30,1469
6010,2018-09-27,13
6010,2018-09-24,21
6010,2018-09-28,24
6010,2018-09-30,10
6010,2018-09-20,11
6010,2018-09-08,52
6010,2018-11-05,8
6010,2018-11-04,4
6010,2018-11-06,1
6010,2018-09-29,16
6010,2018-11-03,3
6010,2019-01-03,2
6010,2018-11-09,5
6010,2018-10-08,3
6010,2018-10-09,5
6010,2018-10-06,9
6010,2018-10-07,14
6010,2018-10-04,7
6010,2018-10-02,15
6010,2018-10-03,6
6010,2018-10-01,13
6010,2018-12-15,1
6010,2018-09-09,29
6010,2018-09-01,66
6010,2018-09-02,87
6010,2018-09-03,54
6010,2018-09-04,49
6010,2018-09-05,50
6010,2018-10-05,4
6010,2018-09-23,15
6010,2018-10-11,5
6010,2018-12-13,3
6010,2018-10-17,5
6010,2018-10-26,3
6010,2018-10-23,4
6010,2018-09-06,53
6010,2018-09-07,46
6010,2018-09-21,15
6010,2018-08-31,245
6010,2018-09-19,26
6010,2018-11-08,2
6010,2018-09-26,16
6010,2019-01-27,1
6010,2019-01-26,3
6010,2019-01-25,1
6010,2019-01-21,3
6010,2019-01-20,2
6010,2018-11-07,9
6010,2019-01-28,1
6010,2018-12-12,1
6010,2018-12-11,3
6010,2018-12-10,3
6010,2018-12-17,2
6010,2018-12-16,3
6010,2018-12-14,3
6010,2018-11-01,4
6010,2018-12-19,1
6010,2018-12-18,1
6010,2018-10-19,7
6010,2018-10-10,11
6010,2018-10-13,7
6010,2018-09-12,26
6010,2018-10-12,7
6010,2018-12-21,2
6010,2018-10-15,11
6010,2018-10-14,5
6010,2018-10-16,10
6010,2018-10-18,7
6010,2018-11-23,1
6010,2018-11-22,2
6010,2018-11-21,1
6010,2018-11-20,4
6010,2018-11-26,6
6010,2018-11-25,5
6010,2018-11-24,3
6010,2018-08-29,3623
6010,2018-12-22,2
6010,2018-12-23,1
6010,2018-12-20,5
6010,2019-01-31,4
6010,2018-12-02,3
6010,2018-12-03,3
6010,2018-12-04,2
6010,2018-12-06,1
6010,2018-12-07,8
6010,2018-12-08,5
6010,2018-12-09,3
6010,2018-10-22,6
6010,2018-09-22,21
6010,2018-09-25,8
6010,2018-10-24,9
6010,2018-10-25,7
6010,2018-10-27,12
6010,2018-10-20,8
6010,2018-09-15,23
6010,2018-11-30,1
6010,2018-10-21,10
6010,2018-10-28,1
6010,2019-01-02,2
6010,2019-01-04,1
6010,2019-01-07,2
6010,2019-01-06,2
6010,2019-01-09,1
6010,2019-01-08,1
6010,2018-12-30,3
6010,2018-11-27,3
6010,2018-10-31,5
6010,2018-10-29,6
6010,2019-01-19,3
6010,2019-01-16,3
6010,2019-01-17,2
6010,2019-01-15,1
6010,2019-01-13,1
6010,2019-01-10,1
6010,2018-12-28,1
6010,2018-12-29,1
6010,2018-12-26,2
6010,2018-12-27,1
6010,2018-09-18,16
6010,2018-11-12,4
6010,2018-11-13,2
6010,2018-11-10,4
6010,2018-11-17,1
6010,2018-11-14,4
6010,2018-11-15,3
6010,2018-11-18,1
6010,2018-09-13,23
6010,2018-09-10,32
6010,2018-09-17,19
6010,2018-09-16,26
6010,2018-09-14,28
6010,2018-09-11,30
6010,2018-10-30,4
6011,2018-09-27,1
6011,2018-09-19,4
6011,2018-09-04,1
6011,2018-10-31,1
6011,2018-09-29,1
6011,2018-09-09,1
6011,2018-09-24,3
6011,2019-01-10,1
6011,2019-01-17,1
8801,2018-10-22,3061
8801,2018-10-23,2941
8801,2018-10-24,3242
8801,2018-10-25,3042
8801,2018-10-26,3373
8801,2019-01-23,3
8801,2018-10-28,2171
8801,2018-10-29,2322
8801,2018-10-27,2283
8801,2018-09-08,333
8801,2018-10-15,953
8801,2018-10-14,1171
8801,2018-10-17,2890
8801,2018-10-11,1860
8801,2018-10-13,1548
8801,2018-10-12,1822
8801,2018-10-19,3169
8801,2018-11-17,2132
8801,2018-11-11,3821
8801,2018-10-21,3200
8801,2018-09-09,326
8801,2018-10-04,1959
8801,2018-10-08,1849
8801,2018-10-09,1881
8801,2018-09-02,384
8801,2018-11-29,7782
8801,2018-11-28,4486
8801,2018-11-27,5407
8801,2018-11-26,4210
8801,2018-11-25,3419
8801,2018-11-24,3740
8801,2018-11-23,3160
8801,2018-11-21,2950
8801,2018-09-24,796
8801,2018-09-19,336
8801,2018-09-22,724
8801,2018-09-21,858
8801,2018-10-02,1030
8801,2018-11-30,449
8801,2018-10-03,1283
8801,2018-10-01,1212
8801,2018-08-31,1780
8801,2018-10-05,2187
8801,2018-09-30,1127
8801,2018-11-09,3045
8801,2018-11-01,732
8801,2018-11-03,838
8801,2018-11-02,768
8801,2018-11-05,779
8801,2018-11-07,1930
8801,2018-11-06,1043
8801,2018-10-16,3268
8801,2018-10-10,2258
8801,2018-10-18,3656
8801,2018-09-26,696
8801,2019-01-29,762
8801,2019-01-28,677
8801,2019-01-22,24620
8801,2019-01-21,27806
8801,2019-01-20,22886
8801,2019-01-27,836
8801,2019-01-25,139
8801,2019-01-24,2
8801,2018-12-17,35
8801,2018-12-16,36
8801,2018-12-15,33
8801,2018-12-14,39
8801,2018-12-13,53
8801,2018-12-12,46
8801,2018-12-11,69
8801,2018-12-10,47
8801,2018-12-19,31
8801,2018-12-18,32
8801,2018-11-16,3039
8801,2018-11-14,3818
8801,2018-11-15,3906
8801,2018-11-12,3652
8801,2018-11-13,3472
8801,2018-11-10,4137
8801,2018-11-18,3362
8801,2018-11-19,3489
8801,2018-09-05,405
8801,2018-09-06,373
8801,2018-09-07,350
8801,2018-09-03,376
8801,2019-01-30,552
8801,2019-01-31,194
8801,2018-10-20,3185
8801,2018-12-04,92
8801,2018-12-05,107
8801,2018-12-06,78
8801,2018-12-07,76
8801,2018-12-01,202
8801,2018-12-03,112
8801,2018-12-08,83
8801,2018-12-09,62
8801,2018-09-18,324
8801,2018-09-15,391
8801,2019-01-05,245
8801,2019-01-04,273
8801,2019-01-07,856
8801,2019-01-06,854
8801,2019-01-03,23
8801,2019-01-02,15
8801,2019-01-09,851
8801,2019-01-08,748
8801,2018-09-17,449
8801,2018-09-16,358
8801,2018-10-07,2349
8801,2018-09-12,406
8801,2018-09-11,356
8801,2018-09-10,330
8801,2018-12-31,7
8801,2018-12-30,17
8801,2018-12-02,133
8801,2018-11-08,3003
8801,2018-11-04,588
8801,2019-01-12,448
8801,2019-01-13,436
8801,2019-01-10,848
8801,2019-01-11,419
8801,2019-01-16,4181
8801,2019-01-17,4511
8801,2019-01-14,523
8801,2019-01-15,4188
8801,2019-01-18,4530
8801,2019-01-19,4771
8801,2018-09-04,409
8801,2018-09-01,371
8801,2018-12-28,17
8801,2018-12-29,23
8801,2018-12-26,22
8801,2018-12-27,12
8801,2018-12-24,21
8801,2018-12-25,26
8801,2018-12-22,29
8801,2018-12-23,23
8801,2018-12-20,28
8801,2018-12-21,36
8801,2018-09-14,431
8801,2018-09-13,406
8801,2018-11-22,4220
8801,2018-11-20,4169
8801,2019-01-26,918
8801,2018-09-27,748
8801,2018-09-25,744
8801,2018-09-23,795
8801,2018-09-20,857
8801,2018-09-28,846
8801,2018-09-29,859
8801,2018-10-06,2093
8801,2018-10-31,2669
8801,2018-10-30,2108
8801,2018-08-30,2306
8801,2018-08-29,500
10201,2018-09-17,3
10901,2019-01-15,2259
10901,2019-01-14,724
10901,2019-01-17,1919
10901,2019-01-16,2381
10901,2019-01-11,857
10901,2019-01-10,898
10901,2018-09-03,1
10901,2018-09-06,3
10901,2018-09-08,1
10901,2018-12-21,2285
10901,2018-12-20,2275
10901,2018-12-23,46052
10901,2018-12-22,7809
10901,2018-12-25,2293
10901,2018-12-24,2232
10901,2018-12-27,2522
10901,2018-12-26,1924
10901,2018-12-29,1591
10901,2018-12-28,2131
10901,2018-12-15,2783
10901,2018-12-16,2837
10901,2018-12-17,4162
10901,2018-09-29,298
10901,2018-09-25,2998
10901,2018-09-26,3608
10901,2019-01-13,792
10901,2019-01-12,790
10901,2018-10-30,952
10901,2018-10-31,498
10901,2018-09-22,7394
10901,2018-09-28,18118
10901,2018-10-27,937
10901,2018-10-26,1282
10901,2018-10-25,1304
10901,2018-10-24,1077
10901,2018-10-23,1359
10901,2018-10-21,2950
10901,2018-10-20,4393
10901,2018-10-29,987
10901,2018-10-28,945
10901,2018-09-21,6682
10901,2018-09-20,6638
10901,2018-09-23,7025
10901,2018-09-24,4556
10901,2018-09-27,9191
10901,2018-10-18,4077
10901,2018-08-30,9
10901,2018-10-05,4880
10901,2018-10-04,5298
10901,2018-10-01,12848
10901,2018-10-08,4907
10901,2018-12-08,4238
10901,2018-12-03,4528
10901,2018-12-02,2969
10901,2018-12-01,90
10901,2018-12-07,4279
10901,2018-12-06,3843
10901,2018-12-05,5747
10901,2018-12-04,2950
10901,2018-10-07,4009
10901,2018-10-12,4309
10901,2018-10-13,4213
10901,2018-10-11,4755
10901,2018-10-16,4374
10901,2018-10-19,4054
10901,2018-10-17,4374
10901,2018-10-14,4008
10901,2018-10-15,4700
10901,2018-10-10,5069
10901,2018-12-09,3866
10901,2018-11-20,5425
10901,2018-11-21,5516
10901,2018-11-22,7565
10901,2018-11-23,8085
10901,2018-11-24,7439
10901,2018-11-25,4306
10901,2018-11-26,5368
10901,2018-11-27,5083
10901,2018-11-28,3744
10901,2018-11-29,3790
10901,2018-10-22,2316
10901,2018-12-18,4009
10901,2018-11-30,2480
10901,2018-12-10,3524
10901,2018-09-30,2599
10901,2018-11-06,1393
10901,2018-11-07,2477
10901,2018-11-04,1925
10901,2018-11-05,2584
10901,2018-11-02,1962
10901,2018-11-03,1513
10901,2018-11-01,2535
10901,2018-11-08,2000
10901,2018-11-09,7557
10901,2019-01-03,1
10901,2019-01-24,28
10901,2019-01-25,2367
10901,2019-01-26,25534
10901,2019-01-27,24011
10901,2019-01-20,8843
10901,2019-01-21,8388
10901,2019-01-22,3091
10901,2019-01-23,7
10901,2019-01-28,29106
10901,2019-01-29,22703
10901,2018-12-19,5498
10901,2018-12-11,3074
10901,2018-12-12,3959
10901,2018-12-13,3736
10901,2018-12-14,3233
10901,2018-11-19,7109
10901,2018-11-18,4181
10901,2018-11-11,8749
10901,2018-11-10,9968
10901,2018-11-13,6656
10901,2018-11-12,7482
10901,2018-11-15,6445
10901,2018-11-14,6656
10901,2018-11-17,3695
10901,2018-11-16,5590
10901,2019-01-19,6126
10901,2019-01-18,9052
10901,2019-01-31,561
10901,2019-01-30,13341
10901,2018-08-31,17
10901,2019-01-01,2
10901,2018-09-13,9
10901,2018-09-17,1
10901,2018-09-18,895
10901,2018-09-19,6157
10901,2018-12-30,1250
10901,2018-12-31,488
10901,2018-10-09,4048
10901,2018-10-06,4983
10901,2018-10-03,4835
10901,2018-10-02,43571
11801,2018-09-01,30
11801,2018-11-30,39
11801,2018-12-04,25
11801,2018-10-03,2217
11801,2018-10-02,1421
11801,2018-10-01,1441
11801,2018-10-07,1060
11801,2018-10-06,1215
11801,2018-09-28,14581
11801,2018-10-10,5188
11801,2018-10-11,4885
11801,2018-10-13,4340
11801,2018-10-14,4366
11801,2018-10-15,6194
11801,2018-10-16,4820
11801,2018-10-18,4676
11801,2018-10-19,4885
11801,2018-09-23,10357
11801,2018-09-21,11847
11801,2018-12-19,27
11801,2018-10-09,5316
11801,2018-10-08,4162
11801,2018-09-20,11372
11801,2018-09-04,11
11801,2018-09-27,7635
11801,2018-10-05,1495
11801,2018-10-04,1978
11801,2018-09-26,5169
11801,2018-10-31,262
11801,2018-09-25,11292
11801,2018-10-17,4731
11801,2018-10-29,7299
11801,2018-10-28,14420
11801,2018-10-21,4401
11801,2018-10-20,4510
11801,2018-10-23,27162
11801,2018-10-22,2167
11801,2018-10-27,9926
11801,2018-10-26,7813
11801,2018-09-18,10161
11801,2018-09-19,12405
11801,2018-09-16,13433
11801,2018-09-17,10806
11801,2018-09-14,11844
11801,2018-09-15,12619
11801,2018-09-12,765
11801,2018-09-13,1054
11801,2018-09-10,1598
11801,2018-09-11,699
11801,2018-09-22,6438
11801,2018-12-06,23
11801,2018-08-30,626
11801,2018-09-09,4
11801,2018-09-08,4
11801,2018-10-30,373
11801,2018-12-30,14
11801,2018-12-31,1
11801,2018-09-30,645
11801,2018-12-29,15
11801,2018-12-28,9
11801,2018-12-27,13
11801,2018-12-25,21
11801,2018-12-24,16
11801,2018-12-23,16
11801,2018-12-22,17
11801,2018-12-21,20
11801,2018-12-20,18
11801,2018-10-12,5284
11801,2018-09-02,16
11801,2018-09-07,13
11801,2018-12-12,25
11801,2018-12-13,31
11801,2018-12-10,34
11801,2018-12-11,27
11801,2018-12-16,22
11801,2018-12-17,20
11801,2018-12-14,21
11801,2018-12-15,20
11801,2018-12-18,17
11801,2018-09-29,13117
11801,2018-12-26,16
11801,2019-01-02,10
11801,2019-01-03,13
11801,2019-01-04,10
11801,2019-01-05,16
11801,2019-01-06,13
11801,2019-01-07,8
11801,2019-01-08,7
11801,2019-01-09,8
11801,2018-08-29,6172
11801,2018-09-05,12
11801,2018-12-05,31
11801,2018-12-07,22
11801,2018-12-01,44
11801,2018-12-03,22
11801,2018-12-02,42
11801,2018-12-09,21
11801,2018-12-08,28
11801,2019-01-13,15
11801,2019-01-12,11
11801,2019-01-11,9
11801,2019-01-10,11
11801,2019-01-17,10
11801,2019-01-16,12
11801,2019-01-15,14
11801,2019-01-14,7
11801,2019-01-19,12
11801,2019-01-18,7
11801,2018-09-03,13
11801,2018-08-31,408
11801,2018-11-24,48
11801,2018-11-04,137
11801,2018-11-06,92
11801,2018-11-07,119
11801,2018-11-01,220
11801,2018-11-02,220
11801,2018-11-03,169
11801,2018-11-08,97
11801,2018-11-09,100
11801,2019-01-26,8
11801,2019-01-27,9
11801,2019-01-25,2
11801,2019-01-22,3
11801,2019-01-20,10
11801,2019-01-21,8
11801,2019-01-28,2
11801,2019-01-29,7
11801,2018-09-24,10866
11801,2018-11-17,72
11801,2018-11-16,57
11801,2018-11-15,60
11801,2018-11-14,67
11801,2018-11-13,68
11801,2018-11-12,77
11801,2018-11-11,99
11801,2018-11-10,104
11801,2018-11-19,47
11801,2018-11-18,49
11801,2018-09-06,14
11801,2018-10-24,21630
11801,2018-10-25,5262
11801,2019-01-31,7
11801,2019-01-30,10
11801,2018-11-28,31
11801,2018-11-29,30
11801,2018-11-05,139
11801,2018-11-22,34
11801,2018-11-23,34
11801,2018-11-20,43
11801,2018-11-21,40
11801,2018-11-26,46
11801,2018-11-27,34
11801,2018-11-25,57
12501,2018-10-18,3498
12501,2018-10-10,4553
12501,2018-10-12,5396
12501,2018-10-13,3682
12501,2018-10-14,3826
12501,2018-10-15,8718
12501,2018-10-16,8133
12501,2018-12-07,24
12501,2018-12-06,17
12501,2018-11-21,38
12501,2018-10-09,4879
12501,2018-10-08,3567
12501,2018-10-03,5250
12501,2018-10-02,1004
12501,2018-10-01,1151
12501,2018-10-07,1260
12501,2018-10-06,1692
12501,2018-10-05,2876
12501,2018-10-19,4262
12501,2018-10-11,4629
12501,2018-10-17,7258
12501,2018-10-30,312
12501,2018-10-31,216
12501,2018-10-21,3980
12501,2018-10-23,22846
12501,2018-10-22,1421
12501,2018-10-25,4850
12501,2018-10-24,21065
12501,2018-10-27,5867
12501,2018-10-26,6197
12501,2018-10-29,63258
12501,2018-10-28,6500
12501,2018-11-07,88
12501,2018-09-11,749
12501,2018-08-29,2617
12501,2018-09-02,15
12501,2018-08-31,22
12501,2018-08-30,19
12501,2018-10-20,4439
12501,2018-12-30,11
12501,2018-12-27,10
12501,2018-12-26,12
12501,2018-12-25,10
12501,2018-12-24,20
12501,2018-12-23,12
12501,2018-12-22,16
12501,2018-12-21,24
12501,2018-12-20,8
12501,2018-12-29,8
12501,2018-12-28,8
12501,2018-11-08,75
12501,2018-11-09,73
12501,2018-11-04,121
12501,2018-11-05,100
12501,2018-11-06,87
12501,2018-11-01,191
12501,2018-11-02,187
12501,2018-11-03,128
12501,2018-12-18,20
12501,2018-12-19,27
12501,2018-11-19,44
12501,2018-11-17,41
12501,2018-11-16,54
12501,2018-11-15,45
12501,2018-11-14,50
12501,2018-11-13,56
12501,2018-11-12,59
12501,2018-11-11,55
12501,2018-11-10,72
12501,2018-12-12,15
12501,2018-12-13,20
12501,2018-12-11,19
12501,2018-12-16,15
12501,2018-12-17,19
12501,2018-12-14,24
12501,2018-12-15,15
12501,2018-11-18,54
12501,2018-12-09,27
12501,2018-12-08,17
12501,2018-12-05,26
12501,2018-12-04,13
12501,2018-12-01,18
12501,2018-12-03,28
12501,2018-12-02,26
12501,2018-09-30,542
12501,2018-11-22,34
12501,2018-11-23,34
12501,2018-11-20,45
12501,2018-11-26,32
12501,2018-11-27,26
12501,2018-11-24,36
12501,2018-11-25,31
12501,2018-11-28,37
12501,2018-11-29,25
12501,2019-01-09,3896
12501,2019-01-06,659
12501,2018-09-23,12587
12501,2018-09-22,5730
12501,2018-09-21,8735
12501,2018-09-20,9052
12501,2018-09-27,2599
12501,2018-09-26,6871
12501,2018-09-25,10394
12501,2018-09-24,9937
12501,2018-09-29,9296
12501,2018-09-28,19152
12501,2018-11-30,26
12501,2019-01-08,676
12501,2019-01-02,14
12501,2019-01-03,979
12501,2019-01-04,587
12501,2019-01-05,618
12501,2019-01-07,647
12501,2018-09-16,1288
12501,2018-09-14,1170
12501,2018-09-15,1136
12501,2018-09-12,903
12501,2018-09-13,1076
12501,2018-09-10,1458
12501,2018-09-18,5335
12501,2018-09-19,9220
12501,2019-01-19,3113
12501,2019-01-18,2041
12501,2019-01-13,3151
12501,2019-01-12,2992
12501,2019-01-11,2344
12501,2019-01-10,2820
12501,2019-01-17,2744
12501,2019-01-16,2514
12501,2019-01-15,2234
12501,2019-01-14,2236
12501,2018-09-09,8
12501,2018-09-08,11
12501,2018-09-01,8
12501,2018-09-03,3
12501,2018-09-05,12
12501,2018-09-04,9
12501,2018-09-07,15
12501,2018-09-06,10
12501,2018-12-10,17
12501,2018-09-17,7716
12501,2019-01-28,2284
12501,2019-01-29,7064
12501,2019-01-26,1932
12501,2019-01-27,2046
12501,2019-01-25,570
12501,2019-01-22,452
12501,2019-01-20,2912
12501,2019-01-21,1513
12501,2018-10-04,3688
12501,2019-01-31,373
12501,2019-01-30,8225
12502,2018-09-25,6633
12502,2018-09-19,1619
12502,2018-09-18,1646
12502,2018-09-23,6756
12502,2018-10-09,4206
12502,2018-10-05,2916
12502,2018-10-02,986
12502,2018-10-03,3002
12502,2018-10-01,1174
12502,2018-11-17,2389
12502,2019-01-30,13018
12502,2019-01-31,2072
12502,2018-09-20,9215
12502,2018-09-11,1944
12502,2018-09-10,1872
12502,2018-09-28,579
12502,2018-09-29,496
12502,2018-09-17,1608
12502,2018-09-21,4628
12502,2018-09-15,1847
12502,2018-11-05,1759
12502,2018-11-04,2163
12502,2018-11-07,1508
12502,2018-11-06,1177
12502,2018-11-03,1686
12502,2018-11-02,1931
12502,2018-11-09,1141
12502,2018-11-08,1409
12502,2018-09-12,2007
12502,2019-01-21,22424
12502,2019-01-26,34669
12502,2019-01-25,379
12502,2019-01-24,28
12502,2019-01-29,10241
12502,2019-01-28,15193
12502,2018-09-16,1795
12502,2018-09-14,1839
12502,2018-09-30,466
12502,2019-01-23,13
12502,2018-09-04,1782
12502,2019-01-22,11671
12502,2018-09-05,1826
12502,2018-10-29,1029
12502,2018-11-12,1138
12502,2018-12-04,1190
12502,2018-12-05,1162
12502,2018-12-06,1191
12502,2018-12-07,1164
12502,2018-12-02,892
12502,2018-12-03,1381
12502,2018-12-08,1556
12502,2018-12-09,1217
12502,2018-11-10,1210
12502,2019-01-17,12226
12502,2019-01-15,9259
12502,2019-01-12,12544
12502,2019-01-18,12197
12502,2019-01-19,13959
12502,2018-11-11,1246
12502,2018-09-13,1526
12502,2019-01-16,16875
12502,2019-01-14,8379
12502,2018-11-13,1145
12502,2019-01-13,12411
12502,2019-01-10,3307
12502,2019-01-11,8408
12502,2018-12-17,11536
12502,2018-12-16,10087
12502,2018-12-15,12981
12502,2018-12-14,12880
12502,2018-12-13,4133
12502,2018-12-12,9373
12502,2018-12-11,1033
12502,2018-12-10,1050
12502,2018-12-19,32642
12502,2018-12-18,2187
12502,2019-01-09,3261
12502,2019-01-08,3574
12502,2019-01-01,48
12502,2019-01-03,2109
12502,2019-01-02,378
12502,2019-01-05,2995
12502,2019-01-04,4317
12502,2019-01-07,3642
12502,2019-01-06,3650
12502,2018-11-16,3104
12502,2018-11-14,1249
12502,2018-11-15,2555
12502,2018-11-18,2372
12502,2018-11-19,2221
12502,2018-09-01,906
12502,2018-12-28,27556
12502,2018-12-29,7367
12502,2018-12-22,20034
12502,2018-12-23,60536
12502,2018-12-20,24634
12502,2018-12-21,31718
12502,2018-12-26,21257
12502,2018-12-27,35146
12502,2018-12-24,16536
12502,2018-12-25,11104
12502,2018-12-31,124
12502,2018-12-30,3490
12502,2018-10-17,3265
12502,2018-10-16,3307
12502,2018-10-19,3444
12502,2018-10-18,3449
12502,2018-11-30,505
12502,2018-09-02,883
12502,2018-10-28,1355
12502,2018-10-20,3248
12502,2018-10-21,2857
12502,2018-10-23,2778
12502,2018-10-24,2706
12502,2018-10-25,2717
12502,2018-10-26,1938
12502,2018-10-27,1477
12502,2018-09-24,7893
12502,2018-09-22,7275
12502,2018-10-31,306
12502,2018-12-01,493
12502,2018-10-06,3680
12502,2018-11-01,1877
12502,2018-09-03,2556
12502,2018-10-11,3112
12502,2018-10-10,3758
12502,2018-10-13,3312
12502,2018-10-12,3313
12502,2018-10-15,3259
12502,2018-10-14,3926
12502,2018-09-06,1850
12502,2018-10-22,2825
12502,2018-08-31,173
12502,2019-01-20,21480
12502,2019-01-27,40019
12502,2018-10-08,3885
12502,2018-10-07,4067
12502,2018-10-04,2865
12502,2018-11-27,2096
12502,2018-11-25,3901
12502,2018-11-20,1966
12502,2018-10-30,769
12502,2018-09-08,1522
12502,2018-09-09,1869
12502,2018-09-07,1759
12502,2018-09-26,3745
12502,2018-11-29,794
12502,2018-11-28,1705
12502,2018-11-26,3262
12502,2018-11-24,2609
12502,2018-11-23,2268
12502,2018-11-22,2322
12502,2018-11-21,2069
12502,2018-09-27,521
12502,2018-08-30,1
12503,2018-09-21,1283
12503,2018-11-25,1078
12503,2018-12-18,844
12503,2018-12-19,679
12503,2018-12-14,798
12503,2018-12-15,797
12503,2018-12-16,774
12503,2018-12-17,715
12503,2018-12-10,575
12503,2018-12-11,453
12503,2018-12-12,315
12503,2018-12-13,498
12503,2019-01-28,24222
12503,2019-01-29,3365
12503,2019-01-22,16049
12503,2019-01-23,11
12503,2019-01-24,21
12503,2018-10-01,1150
12503,2018-11-27,808
12503,2018-11-24,979
12503,2018-11-26,1415
12503,2018-11-20,801
12503,2018-11-21,1062
12503,2018-11-22,994
12503,2018-11-28,705
12503,2018-11-29,355
12503,2018-09-08,1
12503,2018-12-09,693
12503,2018-12-08,807
12503,2018-12-07,712
12503,2018-12-06,707
12503,2018-12-05,736
12503,2018-12-04,833
12503,2018-12-03,897
12503,2018-12-02,1130
12503,2018-12-01,977
12503,2019-01-31,394
12503,2019-01-30,1164
12503,2018-11-30,511
12503,2019-01-20,96052
12503,2019-01-21,26556
12503,2019-01-25,1813
12503,2019-01-26,21538
12503,2019-01-27,21592
12503,2018-12-30,405
12503,2018-12-31,43
12503,2019-01-08,2534
12503,2019-01-09,2569
12503,2019-01-06,2719
12503,2019-01-07,3097
12503,2019-01-04,3037
12503,2019-01-05,2843
12503,2019-01-02,462
12503,2019-01-03,2941
12503,2019-01-01,56
12503,2018-11-08,696
12503,2018-11-09,645
12503,2018-11-03,1283
12503,2018-11-01,1256
12503,2018-11-06,491
12503,2018-11-07,628
12503,2018-11-04,1354
12503,2018-11-05,1018
12503,2019-01-11,1804
12503,2019-01-10,2552
12503,2019-01-13,4601
12503,2019-01-12,3188
12503,2019-01-15,2713
12503,2019-01-14,4502
12503,2019-01-17,2995
12503,2019-01-16,2785
12503,2019-01-19,13490
12503,2019-01-18,2862
12503,2018-12-25,515
12503,2018-12-24,560
12503,2018-12-27,496
12503,2018-12-26,502
12503,2018-12-21,719
12503,2018-12-20,660
12503,2018-12-23,716
12503,2018-12-22,694
12503,2018-12-29,468
12503,2018-12-28,533
12503,2018-11-19,901
12503,2018-11-15,930
12503,2018-11-14,865
12503,2018-11-16,993
12503,2018-11-11,681
12503,2018-11-12,784
12503,2018-09-30,19
12503,2018-11-02,1380
12503,2018-09-11,1
12503,2018-10-30,9
12503,2018-10-31,523
12503,2018-09-19,707
12503,2018-11-23,997
12503,2018-10-29,108
12503,2018-10-28,576
12503,2018-10-23,532
12503,2018-10-22,518
12503,2018-10-21,573
12503,2018-10-20,600
12503,2018-10-27,537
12503,2018-10-26,578
12503,2018-10-25,622
12503,2018-10-24,472
12503,2018-09-04,3
12503,2018-10-18,488
12503,2018-10-16,630
12503,2018-10-17,570
12503,2018-10-14,498
12503,2018-10-15,679
12503,2018-10-12,587
12503,2018-10-13,624
12503,2018-10-10,762
12503,2018-10-11,619
12503,2018-10-19,575
12503,2018-09-29,327
12503,2018-09-28,1317
12503,2018-09-25,2271
12503,2018-09-24,2196
12503,2018-09-27,892
12503,2018-09-26,1715
12503,2018-09-20,1780
12503,2018-09-23,2438
12503,2018-09-22,2432
12503,2018-10-03,593
12503,2018-10-02,960
12503,2018-10-05,677
12503,2018-10-04,717
12503,2018-10-07,612
12503,2018-10-06,738
12503,2018-10-09,534
12503,2018-10-08,531
12503,2018-08-30,17
12503,2018-11-18,966
12503,2018-11-17,882
12503,2018-11-10,774
12503,2018-11-13,995
12504,2018-10-04,3
12504,2018-10-05,3
12504,2018-10-06,2
12504,2018-10-01,7
12504,2018-10-02,4
12504,2018-10-03,1
12504,2018-10-08,1
12504,2018-09-08,175
12504,2018-10-17,2
12504,2018-10-15,4
12504,2018-10-14,1
12504,2018-10-13,1
12504,2018-10-12,1
12504,2018-10-11,1
12504,2018-10-10,1
12504,2018-10-19,1
12504,2018-10-18,2
12504,2018-11-03,1
12504,2018-11-06,1
12504,2018-09-19,599
12504,2018-09-11,705
12504,2018-09-10,864
12504,2018-09-13,681
12504,2018-09-15,620
12504,2018-09-14,681
12504,2018-09-17,641
12504,2018-09-16,551
12504,2019-01-10,1
12504,2018-10-22,1
12504,2018-10-23,1
12504,2018-10-21,1
12504,2018-10-24,5
12504,2018-09-01,121
12504,2019-01-07,1
12504,2019-01-03,1
12504,2019-01-01,1
12504,2018-10-31,1
12504,2018-10-30,1
12504,2018-11-14,1
12504,2018-11-16,2
12504,2018-12-24,1
12504,2018-09-06,230
12504,2018-09-07,199
12504,2018-09-04,233
12504,2018-09-03,162
12504,2018-09-05,215
12504,2018-11-29,1
12504,2018-11-26,1
12504,2018-12-09,1
12504,2018-12-06,1
12504,2018-11-04,3
12504,2018-08-30,4
12504,2018-08-31,5
12504,2018-09-09,181
12504,2018-12-17,1
12504,2018-09-25,555
12504,2018-09-27,508
12504,2018-09-28,410
12504,2018-08-29,10
12504,2018-09-23,622
12504,2018-09-12,594
12504,2018-11-09,1
12504,2018-09-02,118
12504,2018-09-20,624
12504,2018-09-21,676
12504,2018-09-22,646
12504,2018-09-24,496
12504,2018-09-26,512
12504,2018-09-29,199
12504,2018-09-18,549
12504,2018-09-30,8
12505,2018-10-02,307
12505,2018-10-14,185
12505,2018-10-15,318
12505,2018-10-16,170
12505,2018-10-10,217
12505,2018-10-13,328
12505,2018-10-18,107
12505,2018-10-19,309
12505,2018-10-07,250
12505,2018-10-06,195
12505,2018-10-05,212
12505,2018-10-04,247
12505,2018-10-03,396
12505,2018-10-01,562
12505,2018-10-09,369
12505,2018-10-08,219
12505,2018-10-30,9
12505,2018-10-22,173
12505,2018-12-30,11
12505,2018-12-31,1
12505,2019-01-04,12
12505,2019-01-05,4
12505,2019-01-06,6
12505,2019-01-07,14
12505,2019-01-01,2
12505,2019-01-02,12
12505,2019-01-03,8
12505,2019-01-08,24
12505,2019-01-09,454
12505,2018-10-29,150
12505,2018-10-28,182
12505,2018-10-25,181
12505,2018-10-27,272
12505,2018-10-26,206
12505,2018-10-21,351
12505,2018-10-20,165
12505,2018-10-23,296
12505,2018-12-23,9
12505,2018-12-21,17
12505,2018-12-20,19
12505,2018-12-27,10
12505,2018-12-26,25
12505,2018-12-25,14
12505,2018-12-29,11
12505,2018-12-28,5
12505,2019-01-17,5978
12505,2019-01-16,4069
12505,2019-01-15,3710
12505,2019-01-14,4304
12505,2019-01-13,5391
12505,2019-01-12,5347
12505,2019-01-11,3666
12505,2019-01-10,3487
12505,2019-01-19,8458
12505,2019-01-18,5446
12505,2018-09-14,47
12505,2018-11-19,822
12505,2018-11-18,817
12505,2018-08-30,4
12505,2018-11-13,8
12505,2018-11-12,10
12505,2018-11-10,17
12505,2018-11-17,461
12505,2018-11-16,501
12505,2018-11-15,8
12505,2018-11-14,14
12505,2018-12-22,16
12505,2018-12-24,12
12505,2018-12-16,19
12505,2018-12-17,27
12505,2018-12-14,25
12505,2018-12-15,15
12505,2018-12-12,34
12505,2018-12-13,44
12505,2018-12-10,27
12505,2018-12-11,43
12505,2018-12-18,22
12505,2018-12-19,23
12505,2019-01-28,5570
12505,2019-01-29,409
12505,2019-01-22,8071
12505,2019-01-23,28
12505,2019-01-20,22710
12505,2019-01-21,8525
12505,2019-01-26,13039
12505,2019-01-27,7690
12505,2019-01-24,22
12505,2019-01-25,4058
12505,2018-09-27,37817
12505,2018-09-26,37795
12505,2018-10-17,334
12505,2018-09-21,5138
12505,2018-09-20,2620
12505,2018-10-11,259
12505,2018-12-09,37
12505,2018-12-08,24
12505,2018-12-01,104
12505,2018-12-03,87
12505,2018-12-02,81
12505,2018-12-05,61
12505,2018-12-04,69
12505,2018-12-07,58
12505,2018-12-06,52
12505,2019-01-31,196
12505,2019-01-30,308
12505,2018-10-12,173
12505,2018-11-27,4960
12505,2018-11-22,903
12505,2018-09-08,6
12505,2018-11-08,3
12505,2018-11-09,7
12505,2018-11-01,11
12505,2018-11-02,17
12505,2018-11-03,12
12505,2018-11-04,7
12505,2018-11-05,33
12505,2018-11-06,5
12505,2018-11-07,22
12505,2018-09-15,428
12505,2018-11-11,18
12505,2018-09-30,247
12505,2018-11-28,3979
12505,2018-11-29,2363
12505,2018-11-25,4840
12505,2018-09-29,15392
12505,2018-09-28,38736
12505,2018-09-07,3
12505,2018-10-24,203
12505,2018-11-26,5088
12505,2018-11-24,5900
12505,2018-11-23,4346
12505,2018-11-30,421
12505,2018-11-20,274
12505,2018-11-21,425
12505,2018-09-12,6
12505,2018-09-16,738
12505,2018-09-17,942
12505,2018-09-18,844
12505,2018-09-19,1464
12505,2018-10-31,18
12505,2018-09-25,35401
12505,2018-09-24,6738
12505,2018-09-23,7158
12505,2018-09-22,6007
12506,2019-01-10,7468
12506,2019-01-11,7947
12506,2019-01-16,7767
12506,2019-01-17,8866
12506,2019-01-14,8841
12506,2019-01-15,8676
12506,2019-01-18,8639
12506,2019-01-19,8541
12506,2018-08-30,46
12506,2018-08-31,53
12506,2018-12-03,7
12506,2018-12-04,3
12506,2018-12-05,7
12506,2018-12-06,8
12506,2018-11-29,2
12506,2018-11-22,3
12506,2018-11-27,3
12506,2018-11-26,7
12506,2018-11-25,3
12506,2019-01-04,10421
12506,2019-01-06,8319
12506,2019-01-01,1
12506,2019-01-09,7627
12506,2019-01-08,7405
12506,2018-08-29,6131
12506,2018-12-13,4
12506,2018-12-11,5
12506,2018-12-17,13
12506,2018-12-14,11
12506,2018-12-19,18
12506,2018-12-18,24
12506,2018-11-16,1
12506,2018-11-14,1
12506,2018-11-15,8
12506,2018-11-13,1
12506,2018-09-23,7
12506,2019-01-03,16
12506,2018-12-26,1
12506,2018-12-24,4
12506,2018-12-20,14
12506,2018-12-21,1
12506,2018-12-28,1
12506,2018-11-05,2
12506,2018-11-07,2
12506,2018-11-08,5
12506,2018-10-19,1
12506,2018-11-30,1
12506,2018-09-01,18
12506,2018-09-03,17
12506,2018-09-09,7
12506,2018-09-21,28
12506,2019-01-12,8760
12506,2019-01-13,9018
12506,2018-09-05,9
12506,2018-10-24,2
12506,2018-10-22,2
12506,2018-09-04,10
12506,2018-09-06,10
12506,2018-09-07,19
12506,2018-09-02,22
12506,2018-09-08,9
12506,2018-09-14,10
12506,2018-09-10,8
12506,2018-09-17,4
12506,2018-09-16,2
12506,2018-09-15,8
12506,2018-09-13,15
12506,2018-09-12,20
12506,2018-09-11,9
12506,2018-09-19,16
12506,2018-09-18,11
12506,2018-10-04,1
12506,2019-01-05,6181
12506,2019-01-07,6969
12506,2018-10-02,1
12506,2018-10-05,1
12506,2018-09-22,12
12506,2018-09-20,5
12506,2018-09-26,5
12506,2018-09-27,4
12506,2018-09-24,3
12506,2018-09-25,1
12506,2018-10-18,2
12506,2018-10-15,5
12506,2018-10-17,1
12506,2018-10-16,4
12506,2018-10-08,2
12506,2018-10-09,1
12506,2019-01-30,9119
12506,2019-01-31,3808
12506,2019-01-29,7853
12506,2019-01-28,8147
12506,2019-01-27,9160
12506,2019-01-26,9243
12506,2019-01-25,426
12506,2019-01-24,22
12506,2019-01-23,15
12506,2019-01-22,6324
12506,2019-01-21,8576
12506,2019-01-20,8987
12507,2019-01-31,84
12507,2019-01-30,99
12507,2019-01-08,190
12507,2019-01-09,95
12507,2019-01-03,5
12507,2019-01-01,1
12507,2018-10-18,2
12507,2018-10-11,1
12507,2019-01-19,669
12507,2019-01-18,771
12507,2019-01-15,783
12507,2019-01-14,814
12507,2019-01-17,1005
12507,2019-01-16,661
12507,2019-01-11,1089
12507,2019-01-10,2294
12507,2019-01-13,1444
12507,2019-01-12,1495
12507,2018-10-24,2
12507,2018-10-22,2
12507,2018-10-21,1
12507,2018-11-04,2
12507,2018-11-02,1
12507,2018-12-19,1
12507,2018-12-10,2
12507,2018-12-11,8
12507,2018-12-12,1
12507,2018-12-14,1
12507,2018-12-17,2
12507,2018-10-08,1
12507,2018-10-05,1
12507,2018-09-08,1
12507,2018-11-09,1
12507,2018-10-06,2
12507,2018-10-03,3
12507,2018-10-02,5
12507,2018-11-11,2
12507,2018-11-16,1
12507,2018-12-09,1
12507,2018-12-06,3
12507,2018-12-04,2
12507,2018-08-29,3
12507,2018-11-06,1
12507,2018-11-07,1
12507,2018-10-25,4
12507,2018-10-28,1
12507,2018-08-30,1
12507,2018-12-21,5
12507,2018-12-20,3
12507,2018-09-10,41
12507,2018-09-11,63
12507,2018-09-12,465
12507,2018-09-13,809
12507,2018-09-14,828
12507,2018-09-15,762
12507,2018-09-16,654
12507,2018-09-17,750
12507,2018-09-18,88
12507,2018-09-19,28
12507,2018-09-07,1
12507,2018-09-06,5
12507,2018-09-05,2
12507,2018-09-30,2
12507,2018-09-29,3
12507,2018-09-21,244
12507,2018-09-20,22
12507,2018-09-23,204
12507,2018-09-22,184
12507,2018-09-25,474
12507,2018-09-24,336
12507,2018-09-27,5
12507,2018-09-26,125
12507,2018-10-27,1
12507,2018-10-29,1
12507,2018-11-13,3
12507,2018-10-12,3
12507,2018-10-13,1
12507,2018-10-15,5
12507,2018-10-19,2
12507,2018-10-10,5
12507,2018-11-08,2
12507,2018-10-01,4
12507,2018-09-28,3
12507,2019-01-24,6
12507,2019-01-25,2387
12507,2019-01-26,5611
12507,2019-01-27,5216
12507,2019-01-20,3927
12507,2019-01-21,8507
12507,2019-01-22,9581
12507,2019-01-23,12
12507,2019-01-28,8354
12507,2019-01-29,235
13001,2018-11-20,14
13001,2018-11-21,5
13001,2018-11-22,6
13001,2018-11-23,15
13001,2018-11-24,10
13001,2018-11-25,10
13001,2018-11-26,5
13001,2018-11-27,10
13001,2018-11-28,6
13001,2018-11-29,10
13001,2018-09-14,1667
13001,2018-09-19,5831
13001,2019-01-20,2383
13001,2018-11-30,9
13001,2018-09-15,2345
13001,2018-11-06,31
13001,2018-11-07,30
13001,2018-11-04,47
13001,2018-11-02,46
13001,2018-11-03,34
13001,2018-11-01,69
13001,2018-11-08,25
13001,2019-01-24,12
13001,2019-01-25,600
13001,2019-01-26,1369
13001,2019-01-27,1060
13001,2019-01-21,1552
13001,2019-01-22,915
13001,2019-01-23,5
13001,2019-01-28,1333
13001,2019-01-29,2035
13001,2018-12-18,11
13001,2018-12-19,2
13001,2018-12-10,3
13001,2018-12-11,6
13001,2018-12-12,20
13001,2018-12-13,7
13001,2018-12-14,8
13001,2018-12-15,1
13001,2018-12-17,8
13001,2018-12-16,6
13001,2018-11-12,25
13001,2018-11-19,12
13001,2018-11-18,12
13001,2018-11-11,10
13001,2018-11-10,17
13001,2018-11-13,11
13001,2018-11-15,11
13001,2018-11-14,10
13001,2018-11-17,11
13001,2018-11-16,14
13001,2018-10-21,846
13001,2019-01-31,29
13001,2019-01-30,81
13001,2018-10-27,3236
13001,2018-10-26,3242
13001,2018-10-25,2479
13001,2018-10-24,2621
13001,2018-10-23,2557
13001,2018-10-22,749
13001,2018-11-05,33
13001,2018-12-07,7
13001,2018-12-06,4
13001,2018-09-23,9715
13001,2018-09-22,1433
13001,2018-09-25,9486
13001,2018-09-24,9308
13001,2018-09-21,931
13001,2018-09-20,4667
13001,2018-09-26,8933
13001,2018-09-27,8024
13001,2018-11-09,23
13001,2019-01-08,498
13001,2019-01-09,313
13001,2019-01-02,4
13001,2019-01-03,580
13001,2019-01-06,470
13001,2019-01-07,367
13001,2019-01-04,263
13001,2019-01-05,441
13001,2018-09-11,8212
13001,2018-09-12,4534
13001,2018-09-13,6043
13001,2018-09-16,1574
13001,2018-09-17,1637
13001,2019-01-19,1642
13001,2019-01-18,1753
13001,2019-01-15,1263
13001,2019-01-14,622
13001,2019-01-17,1989
13001,2019-01-16,1631
13001,2019-01-11,409
13001,2019-01-10,459
13001,2019-01-13,444
13001,2019-01-12,399
13001,2018-09-03,2
13001,2018-09-07,4579
13001,2018-09-06,4274
13001,2018-09-05,3910
13001,2018-12-20,6
13001,2018-12-26,3
13001,2018-12-29,4
13001,2018-12-28,1
13001,2018-09-18,2263
13001,2018-09-09,6490
13001,2018-09-04,898
13001,2018-09-08,6347
13001,2018-09-10,5006
13001,2018-12-21,4
13001,2018-12-23,5
13001,2018-12-22,1
13001,2018-12-25,6
13001,2018-12-24,4
13001,2018-12-27,2
13001,2018-09-30,503
13001,2018-12-09,5
13001,2018-09-29,1893
13001,2018-09-28,4473
13001,2018-12-02,12
13001,2018-12-04,6
13001,2018-12-08,3
13001,2018-12-05,4
13001,2018-12-03,6
13001,2018-10-30,62
13001,2018-10-31,60
13001,2018-10-20,804
13001,2018-12-01,6
13001,2018-10-09,5106
13001,2018-10-29,106
13001,2018-10-28,212
13001,2018-10-18,579
13001,2018-10-19,693
13001,2018-10-12,3545
13001,2018-10-13,1719
13001,2018-10-10,3168
13001,2018-10-11,3536
13001,2018-10-16,1923
13001,2018-10-17,674
13001,2018-10-14,3306
13001,2018-10-15,3896
13001,2018-10-08,349
13001,2018-10-05,267
13001,2018-10-04,400
13001,2018-10-07,364
13001,2018-10-06,443
13001,2018-10-01,570
13001,2018-10-03,399
13001,2018-10-02,411
13002,2018-10-03,73
13002,2018-11-12,6
13002,2018-09-22,9143
13002,2018-09-23,42311
13002,2018-09-28,27557
13002,2018-09-29,532
13002,2018-10-14,22
13002,2018-10-10,32
13002,2018-10-11,27
13002,2018-09-15,7018
13002,2018-10-19,39
13002,2018-10-18,44
13002,2018-10-08,48
13002,2018-10-09,54
13002,2019-01-18,1902
13002,2019-01-19,2060
13002,2018-10-06,46
13002,2018-10-17,38
13002,2018-10-16,12
13002,2018-10-15,20
13002,2018-10-13,26
13002,2018-10-12,33
13002,2019-01-14,1620
13002,2019-01-15,1585
13002,2019-01-16,1705
13002,2019-01-17,2206
13002,2019-01-10,2203
13002,2019-01-11,1950
13002,2019-01-12,2421
13002,2019-01-13,2423
13002,2018-10-28,4
13002,2018-10-29,9
13002,2018-10-20,9
13002,2018-10-21,20
13002,2018-10-26,19
13002,2018-10-27,7
13002,2018-10-24,13
13002,2018-10-25,11
13002,2019-01-09,12
13002,2019-01-08,5
13002,2019-01-07,18
13002,2019-01-05,2
13002,2019-01-04,3
13002,2019-01-03,3
13002,2019-01-02,1
13002,2019-01-01,1
13002,2018-10-31,6
13002,2019-01-30,4596
13002,2019-01-31,130
13002,2018-11-14,3
13002,2018-11-15,4
13002,2018-09-20,5780
13002,2018-09-26,8583
13002,2018-09-27,6571
13002,2018-11-10,4
13002,2018-11-11,3
13002,2018-11-13,9
13002,2018-11-16,8
13002,2018-11-17,7
13002,2018-11-18,1
13002,2018-11-19,8
13002,2018-11-20,3
13002,2019-01-25,1893
13002,2019-01-24,9
13002,2019-01-27,2688
13002,2019-01-26,6190
13002,2019-01-21,4575
13002,2019-01-20,7756
13002,2019-01-23,5
13002,2019-01-22,3167
13002,2019-01-29,4399
13002,2019-01-28,3434
13002,2018-12-28,3
13002,2018-12-29,3
13002,2018-12-20,2
13002,2018-12-21,2
13002,2018-12-22,3
13002,2018-12-23,2
13002,2018-12-24,2
13002,2018-12-25,2
13002,2018-12-27,2
13002,2018-11-02,7
13002,2018-11-01,9
13002,2018-11-07,8
13002,2018-11-06,7
13002,2018-11-09,5
13002,2018-11-08,7
13002,2018-09-25,16016
13002,2018-10-22,15
13002,2018-10-23,21
13002,2018-12-30,2
13002,2018-11-30,5
13002,2018-12-08,3
13002,2018-12-09,3
13002,2018-12-06,1
13002,2018-12-07,2
13002,2018-12-04,4
13002,2018-12-05,5
13002,2018-12-02,1
13002,2018-12-03,1
13002,2018-12-01,2
13002,2018-11-23,2
13002,2018-11-22,3
13002,2018-11-24,3
13002,2018-11-27,1
13002,2018-11-26,1
13002,2018-11-29,3
13002,2018-11-28,7
13002,2018-09-19,5258
13002,2018-10-04,56
13002,2018-10-05,62
13002,2018-10-07,38
13002,2018-10-01,152
13002,2018-10-02,128
13002,2018-12-11,1
13002,2018-12-10,5
13002,2018-12-13,75
13002,2018-12-12,7
13002,2018-12-15,4
13002,2018-12-14,2
13002,2018-12-17,5
13002,2018-12-16,3
13002,2018-12-19,5
13002,2018-12-18,2
13002,2018-09-17,3227
13002,2018-09-18,3393
13002,2018-11-03,8
13002,2018-11-05,3
13002,2018-09-13,4902
13002,2018-09-10,2
13002,2018-09-14,2727
13002,2018-09-16,7172
13002,2018-09-05,5
13002,2018-11-25,1
13002,2018-09-08,2
13002,2018-09-30,255
13002,2018-10-30,5
13002,2018-09-21,6228
13002,2018-09-24,12851
13002,2018-11-04,4
13003,2019-01-31,2794
13003,2019-01-30,15362
13003,2018-09-04,413
13003,2018-09-07,36
13003,2018-09-03,683
13003,2018-09-02,675
13003,2018-09-08,25
13003,2018-11-08,3993
13003,2018-11-09,5325
13003,2018-11-01,483
13003,2018-11-02,611
13003,2018-11-03,426
13003,2018-11-04,415
13003,2018-11-05,1995
13003,2018-11-06,774
13003,2018-11-07,5388
13003,2018-09-25,2347
13003,2018-10-07,638
13003,2018-10-06,686
13003,2018-10-05,634
13003,2018-10-01,888
13003,2018-12-31,231
13003,2018-09-05,222
13003,2018-11-19,9515
13003,2018-11-18,8966
13003,2018-11-13,6043
13003,2018-11-12,8127
13003,2018-11-11,6323
13003,2018-11-17,7876
13003,2018-11-16,10502
13003,2018-11-15,8011
13003,2018-11-14,6752
13003,2018-09-09,44
13003,2018-09-21,5289
13003,2018-09-28,160
13003,2018-09-23,4867
13003,2018-09-20,4363
13003,2018-09-27,220
13003,2018-09-26,367
13003,2018-09-24,4727
13003,2018-11-28,3202
13003,2018-11-29,1764
13003,2018-11-26,5094
13003,2018-11-27,3664
13003,2018-11-24,4710
13003,2018-11-25,5100
13003,2018-11-22,5572
13003,2018-11-23,5706
13003,2018-11-20,7546
13003,2018-11-21,7852
13003,2018-09-18,438
13003,2018-09-29,157
13003,2018-09-19,4119
13003,2018-09-22,5821
13003,2018-09-12,25
13003,2018-09-13,17
13003,2018-09-10,53
13003,2018-09-16,27
13003,2018-09-14,24
13003,2018-09-15,38
13003,2018-12-01,4599
13003,2018-12-03,8207
13003,2018-12-02,9204
13003,2018-12-05,8442
13003,2018-12-04,8946
13003,2018-12-07,10691
13003,2018-12-06,12459
13003,2018-09-01,401
13003,2018-10-04,637
13003,2018-10-28,132
13003,2018-10-03,1029
13003,2018-10-02,708
13003,2018-09-11,25
13003,2018-09-17,104
13003,2018-10-14,5297
13003,2018-10-15,5181
13003,2018-10-16,4602
13003,2018-10-10,5353
13003,2018-10-11,7389
13003,2018-10-12,5366
13003,2018-10-13,4856
13003,2018-10-18,3949
13003,2018-10-19,4108
13003,2018-12-30,675
13003,2018-10-17,4798
13003,2018-10-09,5479
13003,2018-10-08,721
13003,2018-11-30,978
13003,2018-09-06,23
13003,2018-12-23,25120
13003,2018-12-22,12436
13003,2018-12-21,14605
13003,2018-12-20,22250
13003,2018-12-27,25087
13003,2018-12-26,28772
13003,2018-12-25,33810
13003,2018-12-24,39418
13003,2018-12-29,3783
13003,2018-12-28,11488
13003,2018-08-29,1372
13003,2018-10-30,1675
13003,2018-10-31,444
13003,2018-09-30,478
13003,2019-01-04,3747
13003,2019-01-05,4156
13003,2019-01-06,4556
13003,2019-01-07,4409
13003,2019-01-01,1202
13003,2019-01-02,1144
13003,2019-01-03,5498
13003,2019-01-08,4391
13003,2019-01-09,3982
13003,2018-12-14,10174
13003,2018-12-15,9790
13003,2018-12-12,11789
13003,2018-12-13,10100
13003,2018-12-10,8730
13003,2018-12-11,9763
13003,2018-12-19,26443
13003,2018-10-29,34877
13003,2018-10-25,159
13003,2018-10-27,128
13003,2018-10-26,206
13003,2018-10-21,4334
13003,2018-10-20,4149
13003,2018-10-23,1775
13003,2018-10-22,4380
13003,2018-12-16,10721
13003,2018-12-17,18873
13003,2018-12-18,18793
13003,2019-01-17,3383
13003,2019-01-16,4177
13003,2019-01-15,4201
13003,2019-01-14,4044
13003,2019-01-13,5417
13003,2019-01-12,5461
13003,2019-01-11,4779
13003,2019-01-10,4038
13003,2019-01-19,2660
13003,2019-01-18,2974
13003,2018-12-09,8605
13003,2018-12-08,10287
13003,2018-11-10,5836
13003,2019-01-28,6030
13003,2019-01-29,25304
13003,2019-01-22,2217
13003,2019-01-23,54
13003,2019-01-20,9507
13003,2019-01-21,6863
13003,2019-01-26,24195
13003,2019-01-27,14924
13003,2019-01-24,62
13003,2019-01-25,4189
13003,2018-10-24,163
13003,2018-08-31,564
13003,2018-08-30,1595
13004,2018-11-05,4
13004,2018-11-04,11
13004,2018-11-07,19
13004,2018-11-06,7
13004,2018-11-01,11
13004,2018-11-03,8
13004,2018-11-02,8
13004,2018-11-09,17
13004,2018-11-08,12
13004,2018-12-04,3
13004,2018-12-05,7
13004,2018-12-06,5
13004,2018-12-07,4
13004,2018-12-01,6
13004,2018-12-02,3
13004,2018-12-03,5
13004,2018-12-09,4
13004,2018-12-17,2
13004,2018-12-15,4
13004,2018-12-14,4
13004,2018-12-13,5
13004,2018-12-12,1
13004,2018-12-11,4
13004,2018-12-10,6
13004,2018-12-19,5
13004,2018-10-17,1579
13004,2018-10-03,3
13004,2018-12-28,2
13004,2018-12-29,4
13004,2018-12-22,1
13004,2018-12-23,1
13004,2018-12-20,8
13004,2018-12-21,1
13004,2018-12-24,1
13004,2018-12-25,1
13004,2018-10-09,1800
13004,2018-10-05,1
13004,2018-10-28,26
13004,2018-10-29,21
13004,2018-10-20,2441
13004,2018-10-21,2028
13004,2018-10-22,1745
13004,2018-10-23,1809
13004,2018-10-24,1205
13004,2018-10-25,116
13004,2018-10-26,36
13004,2018-10-27,33
13004,2018-09-06,3
13004,2018-09-07,1
13004,2018-10-02,10
13004,2018-10-31,16
13004,2018-10-30,14
13004,2018-10-16,2098
13004,2018-09-19,3
13004,2018-09-18,19
13004,2018-09-13,26
13004,2018-09-17,1
13004,2018-09-14,36
13004,2018-10-06,1
13004,2018-10-07,1
13004,2018-10-04,2
13004,2018-10-18,2018
13004,2018-09-28,10
13004,2018-09-21,2
13004,2018-10-11,2014
13004,2018-10-10,1222
13004,2018-10-13,1935
13004,2018-10-12,1938
13004,2018-10-15,1935
13004,2019-01-30,772
13004,2019-01-31,25
13004,2018-12-16,3
13004,2018-11-18,7
13004,2019-01-23,7
13004,2019-01-22,472
13004,2019-01-21,1156
13004,2019-01-20,959
13004,2019-01-27,831
13004,2019-01-26,798
13004,2019-01-25,49
13004,2019-01-24,11
13004,2019-01-29,757
13004,2019-01-28,596
13004,2019-01-16,949
13004,2019-01-17,1038
13004,2019-01-14,676
13004,2019-01-15,704
13004,2019-01-12,646
13004,2019-01-13,812
13004,2019-01-10,455
13004,2019-01-11,689
13004,2019-01-18,1184
13004,2019-01-19,1090
13004,2018-10-14,2217
13004,2018-11-30,1
13004,2018-10-19,2148
13004,2019-01-09,632
13004,2019-01-08,574
13004,2019-01-03,5
13004,2019-01-05,611
13004,2019-01-04,295
13004,2019-01-07,680
13004,2019-01-06,561
13004,2018-11-29,9
13004,2018-11-28,7
13004,2018-11-27,5
13004,2018-11-26,5
13004,2018-11-25,4
13004,2018-11-24,3
13004,2018-11-23,7
13004,2018-11-22,9
13004,2018-11-21,7
13004,2018-11-20,10
13004,2018-11-12,7
13004,2018-11-13,8
13004,2018-11-10,13
13004,2018-11-11,4
13004,2018-11-16,10
13004,2018-11-17,3
13004,2018-11-14,6
13004,2018-11-15,10
13004,2018-11-19,8
13101,2018-09-05,7
13101,2018-12-28,16
13101,2018-12-29,16
13101,2018-12-26,13
13101,2018-12-27,19
13101,2018-12-24,26
13101,2018-12-25,25
13101,2018-12-22,23
13101,2018-12-23,18
13101,2018-12-20,26
13101,2018-12-21,13
13101,2019-01-27,6
13101,2019-01-26,11
13101,2018-12-31,2
13101,2018-11-01,869
13101,2018-12-16,20
13101,2018-10-28,14902
13101,2018-10-29,27625
13101,2018-10-24,33122
13101,2018-10-25,30636
13101,2018-10-26,4518
13101,2018-10-27,3266
13101,2018-10-20,6558
13101,2018-10-21,6712
13101,2018-10-22,4990
13101,2018-10-23,19952
13101,2018-11-24,506
13101,2018-10-31,8047
13101,2018-10-30,10884
13101,2018-10-05,1
13101,2018-10-08,1261
13101,2018-12-01,43
13101,2018-10-09,4502
13101,2018-12-04,29
13101,2018-12-05,31
13101,2018-09-06,3
13101,2018-09-17,3
13101,2018-11-30,47
13101,2018-11-23,562
13101,2018-11-22,471
13101,2018-11-21,476
13101,2018-11-20,437
13101,2018-11-27,443
13101,2018-11-26,535
13101,2018-11-25,505
13101,2018-11-29,315
13101,2018-11-28,534
13101,2019-01-30,16
13101,2019-01-31,11
13101,2018-11-16,536
13101,2018-11-17,505
13101,2018-11-14,533
13101,2018-11-15,536
13101,2018-11-12,548
13101,2018-11-13,463
13101,2018-11-10,535
13101,2018-11-11,577
13101,2018-11-18,461
13101,2018-11-19,547
13101,2018-12-30,10
13101,2018-10-17,5081
13101,2018-10-11,3221
13101,2018-10-10,3573
13101,2018-12-17,23
13101,2019-01-25,4
13101,2019-01-22,8
13101,2019-01-21,11
13101,2019-01-20,9
13101,2019-01-29,9
13101,2019-01-28,9
13101,2018-11-09,506
13101,2018-11-08,553
13101,2018-11-03,781
13101,2018-11-02,995
13101,2018-11-05,748
13101,2018-11-04,777
13101,2018-11-07,586
13101,2018-11-06,543
13101,2018-10-19,6073
13101,2018-12-08,23
13101,2018-12-09,29
13101,2018-12-02,43
13101,2018-12-03,38
13101,2018-12-06,24
13101,2018-12-07,31
13101,2018-10-15,2807
13101,2019-01-18,10
13101,2019-01-19,9
13101,2018-10-14,3593
13101,2019-01-12,13
13101,2019-01-13,10
13101,2019-01-10,8
13101,2019-01-11,4
13101,2019-01-16,6
13101,2019-01-17,3
13101,2019-01-14,10
13101,2019-01-15,9
13101,2018-10-16,4692
13101,2018-10-13,3103
13101,2018-10-12,3182
13101,2018-12-13,21
13101,2018-12-12,24
13101,2018-12-11,30
13101,2018-12-10,32
13101,2018-12-15,17
13101,2018-12-14,28
13101,2018-10-18,5293
13101,2019-01-03,1
13101,2018-12-19,20
13101,2018-12-18,21
13101,2019-01-09,4
13101,2019-01-08,5
13101,2019-01-05,12
13101,2019-01-04,9
13101,2019-01-07,6
13101,2019-01-06,10
13102,2018-11-01,5
13102,2018-11-15,1
13102,2018-11-14,1
13102,2018-12-14,1
13102,2018-12-11,1
13102,2019-01-31,1
13102,2018-10-08,2
13102,2018-11-20,3
13102,2018-09-26,16
13102,2018-09-17,2
13102,2018-09-06,6
13102,2018-10-18,8
13102,2018-10-15,2
13102,2018-10-10,3
13102,2018-09-04,2
13102,2018-10-03,3
13102,2018-10-02,1
13102,2018-10-30,1
13102,2018-10-23,3
13102,2019-01-09,3
13102,2019-01-02,1
13102,2019-01-03,2
13102,2019-01-16,1
13102,2019-01-11,6
13102,2019-01-10,1
13102,2018-10-09,2
13102,2018-09-07,1
13201,2018-08-30,1
13201,2018-09-28,5
13201,2018-09-03,2
13201,2018-10-02,1
13201,2018-10-01,2
13201,2018-08-29,20
13202,2018-09-03,2
13202,2018-08-29,12
13202,2018-10-02,1
13203,2018-09-03,12
13203,2018-10-02,1
13203,2018-10-01,19
13203,2018-09-04,4
13203,2018-11-12,1
13203,2018-08-29,14
13203,2018-08-30,1
13204,2018-09-06,4
13204,2018-09-10,4
13204,2018-12-20,1
13204,2018-12-21,4
13204,2018-12-02,1
13204,2018-12-06,7
13204,2018-08-30,7
13204,2018-08-31,3
13204,2018-11-07,3
13204,2018-12-17,2
13204,2018-12-11,13
13204,2018-12-10,3
13204,2018-12-13,1
13204,2018-12-12,13
13204,2018-12-19,2
13204,2018-12-18,3
13204,2018-08-29,9
13204,2019-01-10,1
13204,2019-01-18,1
13204,2019-01-03,2
13204,2019-01-02,1
13204,2019-01-07,1
13204,2019-01-09,2
13204,2019-01-08,11
13204,2019-01-21,1
13204,2018-10-19,7
13204,2018-10-17,1
13204,2018-12-05,7
13204,2018-10-25,3
13204,2018-10-22,1
13301,2018-10-09,3059
13301,2018-10-04,3194
13301,2018-10-06,3705
13301,2018-10-01,728
13301,2018-10-02,638
13301,2018-09-06,4
13301,2018-09-07,2
13301,2018-09-04,55
13301,2018-09-03,4
13301,2018-10-08,3798
13301,2018-10-05,3117
13301,2018-10-19,3133
13301,2018-10-17,3578
13301,2018-10-16,3792
13301,2018-10-15,4115
13301,2018-10-14,3047
13301,2018-10-13,4513
13301,2018-10-12,688
13301,2018-10-11,761
13301,2018-10-21,4450
13301,2018-11-26,1503
13301,2018-09-17,1
13301,2018-10-18,3372
13301,2018-10-20,3485
13301,2018-10-22,1927
13301,2018-10-23,1075
13301,2018-10-26,644
13301,2018-10-27,704
13301,2018-10-24,815
13301,2018-10-25,1110
13301,2018-10-30,29
13301,2018-09-05,1
13301,2018-10-07,2932
13301,2018-10-03,2697
13301,2018-12-20,889
13301,2018-12-21,890
13301,2018-12-22,1038
13301,2018-12-23,952
13301,2018-12-24,994
13301,2018-12-25,1019
13301,2018-12-26,1010
13301,2018-12-27,1046
13301,2018-12-28,176
13301,2018-12-29,24
13301,2019-01-14,3275
13301,2019-01-15,3463
13301,2019-01-16,3518
13301,2019-01-17,3378
13301,2019-01-10,2918
13301,2019-01-11,3366
13301,2019-01-12,3584
13301,2019-01-13,3523
13301,2019-01-18,3316
13301,2019-01-19,3516
13301,2018-10-31,652
13301,2018-12-31,5
13301,2018-12-30,16
13301,2019-01-07,3245
13301,2019-01-06,3179
13301,2019-01-05,3206
13301,2019-01-04,2974
13301,2019-01-03,3642
13301,2019-01-02,695
13301,2019-01-01,108
13301,2019-01-09,2963
13301,2019-01-08,3227
13301,2018-11-02,1853
13301,2018-11-04,1766
13301,2018-12-06,911
13301,2018-12-07,1017
13301,2018-12-04,1043
13301,2018-12-05,915
13301,2018-12-02,1602
13301,2018-12-03,1101
13301,2018-12-01,1238
13301,2018-12-08,1025
13301,2018-12-09,1115
13301,2019-01-30,2418
13301,2019-01-31,438
13301,2018-11-18,2164
13301,2018-11-19,2082
13301,2018-11-11,1388
13301,2018-11-12,1358
13301,2018-11-13,1378
13301,2018-11-14,1348
13301,2018-11-15,1160
13301,2018-11-16,2376
13301,2018-11-17,2912
13301,2018-10-10,2066
13301,2018-12-19,997
13301,2018-12-18,1053
13301,2018-12-11,954
13301,2018-12-10,1103
13301,2018-12-13,968
13301,2018-12-12,950
13301,2018-12-15,962
13301,2018-12-14,900
13301,2018-12-17,1085
13301,2018-12-16,1048
13301,2019-01-29,3101
13301,2019-01-28,3215
13301,2019-01-25,1347
13301,2019-01-24,2
13301,2019-01-27,3310
13301,2019-01-26,3387
13301,2019-01-21,3423
13301,2019-01-20,3498
13301,2019-01-23,4
13301,2019-01-22,1520
13301,2018-11-09,1496
13301,2018-11-08,1395
13301,2018-11-03,1441
13301,2018-11-01,1646
13301,2018-11-07,1397
13301,2018-11-06,301
13301,2018-11-05,1689
13301,2018-11-30,418
13301,2018-11-21,1927
13301,2018-11-20,1710
13301,2018-11-23,1389
13301,2018-11-22,1337
13301,2018-11-25,1317
13301,2018-11-24,1343
13301,2018-11-27,1157
13301,2018-11-29,40
13301,2018-11-28,863
13301,2018-09-28,1
13301,2018-10-28,701
13301,2018-10-29,162
13301,2018-11-10,1286
13302,2018-09-07,3
13302,2019-01-03,10
13302,2019-01-01,1
13302,2019-01-04,15
13302,2018-10-15,1
13302,2019-01-11,4
13302,2019-01-10,1
13302,2018-12-14,1
13302,2018-09-06,7
13302,2018-12-06,3
13302,2018-12-31,1
13302,2018-12-20,4
13303,2019-01-09,1131
13303,2019-01-08,1193
13303,2019-01-05,1080
13303,2019-01-04,1125
13303,2019-01-07,1165
13303,2019-01-06,1234
13303,2019-01-01,7
13303,2019-01-03,1177
13303,2019-01-02,5
13303,2018-10-02,6
13303,2018-10-03,2408
13303,2018-10-04,718
13303,2018-10-15,2098
13303,2018-10-08,1619
13303,2018-10-09,1467
13303,2018-10-16,1495
13303,2018-10-11,1041
13303,2018-10-13,1582
13303,2018-11-22,5
13303,2018-11-24,1
13303,2018-10-19,1224
13303,2018-11-07,11
13303,2018-11-06,4
13303,2018-12-18,457
13303,2018-12-13,435
13303,2018-12-12,441
13303,2018-09-12,1
13303,2018-09-11,12
13303,2018-11-30,169
13303,2018-09-13,3
13303,2018-09-20,4
13303,2018-10-14,1612
13303,2018-11-23,2
13303,2018-11-21,3
13303,2018-11-20,2
13303,2018-11-27,2
13303,2018-11-26,2
13303,2018-11-25,5
13303,2018-10-06,2152
13303,2018-11-29,1
13303,2018-11-28,5
13303,2018-10-07,1671
13303,2018-10-05,1644
13303,2018-10-17,1694
13303,2018-11-16,6
13303,2018-11-17,3
13303,2018-11-14,5
13303,2018-11-15,10
13303,2018-11-12,4
13303,2018-11-13,5
13303,2018-11-10,10
13303,2018-11-11,11
13303,2018-11-18,3
13303,2018-11-19,7
13303,2018-10-10,1477
13303,2019-01-25,85
13303,2018-10-28,375
13303,2018-12-16,418
13303,2018-10-21,1469
13303,2018-11-08,4
13303,2018-11-01,10
13303,2018-11-03,9
13303,2018-11-02,11
13303,2018-11-05,8
13303,2018-11-04,14
13303,2018-12-22,447
13303,2018-12-23,421
13303,2018-12-08,474
13303,2018-12-09,439
13303,2018-12-02,595
13303,2018-12-03,385
13303,2018-12-04,578
13303,2018-12-05,407
13303,2018-12-06,403
13303,2018-12-19,497
13303,2018-12-11,527
13303,2018-12-10,600
13303,2018-12-17,522
13303,2018-12-15,493
13303,2018-12-14,508
13303,2018-12-28,460
13303,2018-12-29,512
13303,2018-12-26,477
13303,2018-12-27,430
13303,2018-12-24,475
13303,2018-12-25,431
13303,2018-12-20,507
13303,2018-12-21,466
13303,2018-12-01,606
13303,2018-10-12,1568
13303,2018-10-18,1389
13303,2018-12-07,488
13303,2019-01-30,230
13303,2019-01-31,14
13303,2018-12-31,9
13303,2018-12-30,246
13303,2019-01-27,694
13303,2019-01-26,706
13303,2019-01-24,2
13303,2019-01-23,1
13303,2019-01-22,422
13303,2019-01-21,666
13303,2019-01-20,740
13303,2019-01-29,682
13303,2019-01-28,632
13303,2018-10-29,80
13303,2018-10-24,1755
13303,2018-10-25,1257
13303,2018-10-26,1840
13303,2018-10-27,1668
13303,2018-10-20,2008
13303,2018-10-22,1417
13303,2018-10-23,1323
13303,2018-11-09,4
13303,2019-01-18,682
13303,2019-01-19,706
13303,2019-01-12,717
13303,2019-01-13,678
13303,2019-01-10,1231
13303,2019-01-11,643
13303,2019-01-16,643
13303,2019-01-17,789
13303,2019-01-14,742
13303,2019-01-15,709
13303,2018-10-31,20
13303,2018-10-30,17
13304,2018-11-17,1322
13304,2018-11-16,1057
13304,2018-11-15,635
13304,2018-11-14,578
13304,2018-11-11,604
13304,2018-11-10,646
13304,2018-10-31,1078
13304,2018-11-24,562
13304,2018-11-25,541
13304,2018-11-20,705
13304,2018-09-30,345
13304,2018-11-13,620
13304,2018-11-30,261
13304,2018-10-18,2218
13304,2018-10-19,2402
13304,2018-10-12,2216
13304,2018-10-11,2093
13304,2018-11-12,1368
13304,2018-11-19,1338
13304,2018-11-18,1196
13304,2018-10-01,493
13304,2018-10-07,2258
13304,2018-10-06,2619
13304,2018-10-05,2352
13304,2018-10-04,2630
13304,2018-10-17,2167
13304,2018-09-18,13
13304,2018-09-19,3
13304,2018-10-30,985
13304,2018-10-14,1676
13304,2018-10-29,1080
13304,2018-10-28,1380
13304,2018-10-21,1706
13304,2018-10-20,1868
13304,2018-10-23,1523
13304,2018-10-22,1688
13304,2018-10-25,1329
13304,2018-10-24,1460
13304,2018-10-27,1169
13304,2018-10-26,1304
13304,2018-10-10,2404
13304,2018-10-13,2175
13304,2018-10-15,2430
13304,2018-09-27,1
13304,2018-09-26,19
13304,2018-10-16,2250
13304,2018-09-25,5
13304,2018-12-30,789
13304,2018-12-31,401
13304,2018-10-03,2757
13304,2018-10-02,3580
13304,2018-10-09,2026
13304,2018-10-08,2338
13304,2018-11-28,544
13304,2018-11-29,126
13304,2018-11-22,672
13304,2018-11-23,719
13304,2018-11-21,841
13304,2018-11-26,646
13304,2018-11-27,711
13304,2019-01-01,5006
13304,2019-01-02,4990
13304,2019-01-03,5232
13304,2019-01-04,5238
13304,2019-01-05,5269
13304,2019-01-06,4258
13304,2019-01-07,4822
13304,2019-01-08,4039
13304,2019-01-09,4387
13304,2018-12-29,826
13304,2018-12-28,847
13304,2018-12-27,835
13304,2018-12-26,872
13304,2018-12-25,881
13304,2018-12-24,773
13304,2018-12-23,893
13304,2018-12-22,901
13304,2018-12-21,934
13304,2018-12-20,961
13304,2019-01-13,3508
13304,2019-01-12,3585
13304,2019-01-11,3728
13304,2019-01-10,4215
13304,2019-01-17,1987
13304,2019-01-16,2367
13304,2019-01-15,3199
13304,2019-01-14,3244
13304,2019-01-19,2319
13304,2019-01-18,1976
13304,2018-12-12,855
13304,2018-12-13,837
13304,2018-12-10,920
13304,2018-12-11,851
13304,2018-12-16,834
13304,2018-12-17,803
13304,2018-12-14,807
13304,2018-12-15,755
13304,2018-12-18,1108
13304,2018-12-19,1265
13304,2019-01-26,4209
13304,2019-01-27,3417
13304,2019-01-24,2
13304,2019-01-25,804
13304,2019-01-22,1374
13304,2019-01-23,3
13304,2019-01-20,2244
13304,2019-01-21,2028
13304,2019-01-28,695
13304,2019-01-29,687
13304,2018-12-05,702
13304,2018-12-04,765
13304,2018-12-07,1476
13304,2018-12-06,1004
13304,2018-12-01,768
13304,2018-12-03,1132
13304,2018-12-02,805
13304,2018-12-09,936
13304,2018-12-08,794
13304,2019-01-31,32
13304,2019-01-30,396
13304,2018-11-04,659
13304,2018-11-05,660
13304,2018-11-06,312
13304,2018-11-07,725
13304,2018-11-01,714
13304,2018-11-02,907
13304,2018-11-03,658
13304,2018-11-08,685
13304,2018-11-09,649
13305,2018-11-16,6960
13305,2018-12-18,11
13305,2018-12-12,19
13305,2018-11-14,4324
13305,2018-11-15,4012
13305,2018-11-10,7288
13305,2018-11-11,5758
13305,2018-11-12,5744
13305,2018-11-13,4840
13305,2018-12-24,9
13305,2018-12-25,8
13305,2018-12-26,5
13305,2018-12-27,8
13305,2018-12-20,10
13305,2018-12-21,11
13305,2018-12-22,23
13305,2018-12-23,10
13305,2018-12-28,17
13305,2018-12-29,10
13305,2018-11-07,3916
13305,2018-11-06,2769
13305,2018-11-01,4752
13305,2018-12-31,7
13305,2018-12-30,11
13305,2018-11-30,81
13305,2018-10-26,1964
13305,2018-10-27,1331
13305,2018-10-24,1872
13305,2018-10-25,2132
13305,2018-10-20,2324
13305,2018-10-21,2184
13305,2018-10-28,1443
13305,2018-10-29,891
13305,2018-12-15,18
13305,2018-12-11,18
13305,2018-12-10,29
13305,2018-12-13,21
13305,2018-12-08,24
13305,2018-12-09,17
13305,2018-12-02,46
13305,2018-12-06,31
13305,2018-12-07,29
13305,2018-12-04,65
13305,2018-12-05,39
13305,2018-11-25,4640
13305,2018-11-27,6455
13305,2018-11-26,6323
13305,2018-11-21,7309
13305,2018-11-20,5937
13305,2018-11-23,7514
13305,2018-11-22,7777
13305,2018-11-29,5010
13305,2018-12-01,65
13305,2018-12-19,13
13305,2018-12-14,13
13305,2018-12-17,18
13305,2018-12-16,23
13305,2018-09-26,1
13305,2018-09-18,30
13305,2019-01-30,139
13305,2018-11-18,3102
13305,2018-11-19,5218
13305,2018-10-02,1058
13305,2019-01-18,116
13305,2019-01-19,45
13305,2019-01-10,660
13305,2019-01-11,347
13305,2019-01-12,82
13305,2019-01-13,77
13305,2019-01-14,69
13305,2019-01-15,45
13305,2019-01-16,104
13305,2018-10-05,1553
13305,2018-09-20,1
13305,2018-09-21,2
13305,2019-01-09,614
13305,2019-01-08,353
13305,2019-01-03,41
13305,2019-01-02,7
13305,2019-01-01,6
13305,2019-01-07,414
13305,2019-01-06,437
13305,2019-01-05,398
13305,2019-01-04,393
13305,2018-10-22,1981
13305,2018-10-23,1856
13305,2019-01-17,142
13305,2019-01-31,111
13305,2018-10-01,8
13305,2018-10-03,719
13305,2018-10-04,1151
13305,2018-10-06,1434
13305,2018-10-07,1542
13305,2018-10-08,1783
13305,2018-10-15,2302
13305,2018-09-19,1
13305,2018-12-03,44
13305,2019-01-21,2114
13305,2019-01-20,1214
13305,2019-01-23,8
13305,2019-01-22,1676
13305,2019-01-25,55
13305,2019-01-24,5
13305,2019-01-27,602
13305,2019-01-26,779
13305,2019-01-29,385
13305,2018-10-13,2425
13305,2018-10-12,2423
13305,2018-10-11,2245
13305,2018-10-10,2227
13305,2018-10-17,2289
13305,2018-10-14,2427
13305,2018-10-18,2324
13305,2018-10-09,2317
13305,2018-11-28,6549
13305,2018-11-17,2857
13305,2019-01-28,1636
13305,2018-10-31,130
13305,2018-10-30,367
13305,2018-11-24,5589
13305,2018-10-16,2221
13305,2018-10-19,2162
13305,2018-11-08,4012
13305,2018-11-03,8967
13305,2018-11-02,5734
13305,2018-11-09,4770
13305,2018-11-05,5880
13305,2018-11-04,7704
13401,2018-09-19,3
13402,2018-09-19,3
13403,2018-09-19,7
13404,2018-09-20,1
13404,2018-09-26,1
13404,2019-01-10,1
13404,2019-01-03,1
13404,2018-11-02,1
13404,2018-10-08,1
13404,2018-09-19,8
13405,2019-01-24,2
13405,2019-01-25,73
13405,2019-01-26,712
13405,2019-01-27,766
13405,2019-01-22,322
13405,2019-01-23,1
13405,2019-01-28,616
13405,2019-01-29,557
13405,2018-12-19,3
13405,2018-12-11,13
13405,2018-12-13,1
13405,2018-12-15,2
13405,2019-01-31,1640
13405,2019-01-30,744
13405,2018-12-04,3
13405,2019-01-08,2122
13405,2019-01-09,2353
13405,2019-01-03,2606
13405,2019-01-06,2389
13405,2019-01-07,2306
13405,2019-01-04,2149
13405,2019-01-05,1563
13405,2019-01-19,652
13405,2019-01-18,739
13405,2019-01-15,633
13405,2019-01-14,537
13405,2019-01-17,753
13405,2019-01-16,640
13405,2019-01-11,476
13405,2019-01-10,2338
13405,2019-01-13,754
13405,2019-01-12,659
13405,2018-12-20,12
13405,2018-12-25,1
13405,2018-12-28,2
13405,2018-09-26,1
13405,2018-09-20,21
13405,2019-01-20,773
13405,2019-01-21,665
13405,2018-09-21,6
13405,2018-09-25,5
13405,2018-09-24,3
13406,2018-11-07,10
13406,2018-11-06,2
13406,2018-11-05,29
13406,2018-11-04,2
13406,2018-10-22,49
13406,2018-10-23,13
13406,2018-09-21,2
13406,2018-09-26,1
13407,2018-10-25,211
13407,2018-10-24,396
13407,2018-10-27,194
13407,2018-10-26,202
13407,2018-10-21,574
13407,2018-10-23,396
13407,2018-10-22,420
13407,2018-10-10,195
13407,2018-11-29,1
13407,2018-11-18,186
13407,2018-11-13,170
13407,2018-11-11,165
13407,2018-11-16,231
13407,2018-11-14,168
13407,2018-10-09,660
13407,2018-10-08,1
13407,2018-11-19,197
13407,2018-09-26,10
13407,2018-11-03,382
13407,2018-10-29,229
13407,2018-10-28,221
13407,2019-01-04,465
13407,2019-01-05,911
13407,2019-01-06,1031
13407,2019-01-07,905
13407,2019-01-01,6
13407,2019-01-03,218
13407,2019-01-08,976
13407,2019-01-09,911
13407,2018-12-05,2
13407,2018-12-07,5
13407,2019-01-17,167
13407,2019-01-16,111
13407,2019-01-15,113
13407,2019-01-14,103
13407,2019-01-13,146
13407,2019-01-12,115
13407,2019-01-11,279
13407,2019-01-10,849
13407,2019-01-19,148
13407,2019-01-18,134
13407,2018-12-22,1
13407,2018-12-27,1
13407,2018-12-26,2
13407,2018-10-20,425
13407,2019-01-28,135
13407,2019-01-29,100
13407,2019-01-22,87
13407,2019-01-20,153
13407,2019-01-21,127
13407,2019-01-26,108
13407,2019-01-27,152
13407,2019-01-24,1
13407,2019-01-25,56
13407,2018-12-17,1
13407,2018-12-13,3
13407,2018-12-10,6
13407,2018-12-11,4
13407,2018-12-18,1
13407,2018-11-10,215
13407,2019-01-31,2
13407,2019-01-30,5
13407,2018-10-13,426
13407,2018-12-09,6
13407,2018-12-08,2
13407,2018-11-28,8
13407,2018-12-01,1
13407,2018-12-03,6
13407,2018-12-02,5
13407,2018-12-04,2
13407,2018-12-06,3
13407,2018-11-22,169
13407,2018-11-23,178
13407,2018-10-30,4
13407,2018-10-31,106
13407,2018-11-08,184
13407,2018-11-09,197
13407,2018-10-15,410
13407,2018-11-12,172
13407,2018-11-17,201
13407,2018-11-15,187
13407,2018-11-01,222
13407,2018-11-02,324
13407,2018-11-05,198
13407,2018-11-06,189
13407,2018-11-07,237
13407,2018-10-16,447
13407,2018-10-17,364
13407,2018-10-11,603
13407,2018-10-12,277
13407,2018-10-18,272
13407,2018-10-19,371
13407,2018-11-26,154
13407,2018-11-27,203
13407,2018-11-24,213
13407,2018-11-25,232
13407,2018-11-20,119
13407,2018-11-21,184
13407,2018-11-04,342
13407,2018-11-30,1
13407,2018-10-14,294
13407,2018-12-14,4
13408,2018-09-28,12
13408,2018-10-04,2
13408,2018-10-03,3
13408,2018-10-08,14
13408,2018-10-09,3
13408,2018-11-07,7
13408,2018-09-27,10
13408,2019-01-30,5
13408,2018-10-10,9
13408,2019-01-29,1
13408,2019-01-28,1
13408,2019-01-21,10
13408,2019-01-26,1
13408,2019-01-18,23
13408,2019-01-19,1
13408,2019-01-10,1
13408,2019-01-04,3
13408,2019-01-07,7
13408,2018-12-19,1
13408,2018-12-14,1
13408,2018-12-13,1
13408,2018-12-11,3
13408,2018-10-11,8
13408,2018-12-26,1
13408,2018-11-09,2
13408,2018-11-15,2
13501,2019-01-01,2
13501,2019-01-03,16
13501,2019-01-02,2
13501,2019-01-04,2
13501,2019-01-07,5
13501,2019-01-09,1
13501,2019-01-08,7
13501,2018-12-16,3
13501,2018-11-17,722
13501,2018-11-14,661
13501,2018-12-10,5
13501,2018-12-08,4
13501,2018-12-09,6
13501,2018-11-30,11
13501,2018-11-04,862
13501,2018-11-07,674
13501,2018-12-05,8
13501,2018-12-06,4
13501,2018-12-19,2
13501,2018-12-18,2
13501,2018-12-15,2
13501,2018-12-14,3
13501,2018-12-13,2
13501,2018-12-12,2
13501,2018-12-11,1
13501,2018-11-23,728
13501,2018-11-29,341
13501,2018-11-28,646
13501,2018-12-03,5
13501,2018-11-18,688
13501,2018-11-19,697
13501,2018-11-16,758
13501,2018-11-10,724
13501,2018-11-11,637
13501,2018-11-15,592
13501,2018-12-22,1
13501,2018-12-20,2
13501,2018-12-27,3
13501,2018-12-24,1
13501,2018-12-25,3
13501,2018-12-28,1
13501,2018-11-21,564
13501,2018-12-21,1
13501,2018-12-26,9
13501,2018-11-06,1061
13501,2018-11-09,667
13501,2018-11-08,734
13501,2018-11-12,710
13501,2018-12-04,3
13501,2018-12-07,5
13501,2018-12-01,10
13501,2018-12-02,10
13501,2018-10-20,1
13501,2018-10-21,1
13501,2018-10-26,2
13501,2018-10-19,1
13501,2018-10-10,3
13501,2018-10-14,5
13501,2018-10-16,1
13501,2018-10-31,187
13501,2018-10-09,18
13501,2018-11-01,839
13501,2018-10-11,1
13501,2018-11-27,650
13501,2018-11-26,663
13501,2018-11-25,603
13501,2018-11-24,637
13501,2018-11-22,726
13501,2018-11-20,547
13501,2018-11-03,904
13501,2018-11-02,994
13501,2019-01-30,1
13501,2019-01-31,1
13501,2019-01-29,2
13501,2019-01-28,5
13501,2019-01-23,2
13501,2019-01-22,3
13501,2019-01-21,2
13501,2019-01-20,1
13501,2019-01-27,1
13501,2019-01-26,1
13501,2019-01-17,1
13501,2019-01-14,1
13501,2019-01-10,1
13501,2018-11-13,649
13501,2018-11-05,710
13502,2018-11-30,2511
13502,2019-01-26,4612
13502,2019-01-27,45982
13502,2019-01-24,16
13502,2019-01-25,1192
13502,2019-01-22,7349
13502,2019-01-23,14
13502,2019-01-20,2306
13502,2019-01-21,16784
13502,2019-01-28,42990
13502,2019-01-29,44898
13502,2018-12-07,19
13502,2018-12-01,62
13502,2018-12-03,27
13502,2018-12-02,38
13502,2018-12-09,12
13502,2018-12-08,10
13502,2019-01-31,682
13502,2019-01-30,12402
13502,2018-11-04,3305
13502,2018-11-05,3480
13502,2018-11-06,2372
13502,2018-11-07,2643
13502,2018-11-01,4254
13502,2018-11-02,3225
13502,2018-11-03,4456
13502,2018-11-08,3019
13502,2018-11-09,3149
13502,2018-11-17,4188
13502,2018-11-16,3518
13502,2018-11-15,3535
13502,2018-11-14,3757
13502,2018-11-11,3181
13502,2018-11-10,3201
13502,2018-11-13,3901
13502,2018-11-19,4365
13502,2018-11-18,4385
13502,2018-11-22,2905
13502,2018-11-23,2842
13502,2018-11-20,3630
13502,2018-11-21,3728
13502,2018-11-26,3298
13502,2018-11-27,3189
13502,2018-12-05,14
13502,2018-12-04,36
13502,2018-12-06,18
13502,2018-10-10,26
13502,2018-10-11,11
13502,2018-10-12,14
13502,2018-10-13,8760
13502,2018-10-14,60699
13502,2018-10-15,803
13502,2018-10-16,395
13502,2018-10-18,613
13502,2018-10-19,521
13502,2018-10-17,574
13502,2018-10-09,20
13502,2018-12-24,10
13502,2018-10-30,72
13502,2018-10-31,648
13502,2018-11-28,3765
13502,2018-11-29,3478
13502,2018-11-24,2830
13502,2018-11-25,3033
13502,2018-10-29,1052
13502,2018-10-21,388
13502,2018-10-20,481
13502,2018-10-23,502
13502,2018-10-22,400
13502,2018-10-27,1670
13502,2018-10-26,1667
13502,2018-10-28,1972
13502,2018-10-25,4217
13502,2018-10-24,10184
13502,2018-12-30,7
13502,2018-12-31,7
13502,2018-11-12,4063
13502,2019-01-01,1982
13502,2019-01-02,1723
13502,2019-01-03,1606
13502,2019-01-04,1944
13502,2019-01-05,1755
13502,2019-01-06,1808
13502,2019-01-07,1627
13502,2019-01-08,2217
13502,2019-01-09,1913
13502,2018-12-29,5
13502,2018-12-28,6
13502,2018-12-27,7
13502,2018-12-26,9
13502,2018-12-25,5
13502,2018-12-23,4
13502,2018-12-22,13
13502,2018-12-21,15
13502,2018-12-20,12
13502,2019-01-13,2500
13502,2019-01-12,2425
13502,2019-01-11,2049
13502,2019-01-10,1976
13502,2019-01-17,2106
13502,2019-01-16,1913
13502,2019-01-15,2033
13502,2019-01-14,2283
13502,2019-01-19,2109
13502,2019-01-18,1836
13502,2018-12-12,18
13502,2018-12-13,12
13502,2018-12-10,24
13502,2018-12-11,12
13502,2018-12-16,13
13502,2018-12-17,110
13502,2018-12-14,7
13502,2018-12-15,16
13502,2018-12-18,13
13502,2018-12-19,16
13601,2019-01-31,11
13601,2019-01-30,17
13601,2018-10-30,12
13601,2018-10-31,199
13601,2018-12-09,3733
13601,2018-12-08,3752
13601,2018-12-05,4947
13601,2018-12-04,2585
13601,2018-12-07,3144
13601,2018-12-06,3665
13601,2018-12-01,612
13601,2018-12-03,3531
13601,2018-12-02,4559
13601,2018-10-21,7
13601,2018-10-23,1
13601,2018-12-20,4857
13601,2018-11-09,7516
13601,2018-11-04,3174
13601,2018-11-06,2772
13601,2018-11-07,4009
13601,2018-11-01,2162
13601,2018-11-03,3624
13601,2018-12-30,1106
13601,2018-12-31,4495
13601,2018-10-22,30
13601,2018-12-13,1362
13601,2018-12-27,5379
13601,2018-12-26,4968
13601,2018-12-25,3121
13601,2018-12-24,3886
13601,2018-12-23,2580
13601,2018-12-22,5294
13601,2018-12-29,1409
13601,2018-12-28,4885
13601,2018-12-16,2167
13601,2018-11-08,3808
13601,2018-11-05,3573
13601,2018-12-17,2993
13601,2018-11-26,5924
13601,2018-11-16,11909
13601,2018-11-14,12630
13601,2018-12-21,2359
13601,2018-12-12,3456
13601,2018-12-10,3299
13601,2018-12-11,2672
13601,2018-11-19,10082
13601,2018-11-18,10027
13601,2018-11-17,10413
13601,2018-11-15,13954
13601,2018-11-13,11623
13601,2018-11-12,13298
13601,2018-11-11,11089
13601,2018-11-10,11036
13601,2018-11-30,1984
13601,2018-10-18,40
13601,2018-10-19,7
13601,2018-11-02,3831
13601,2018-11-22,7925
13601,2018-11-23,7687
13601,2018-11-20,7942
13601,2018-11-21,9793
13601,2018-11-27,5322
13601,2018-11-24,7742
13601,2018-11-25,6994
13601,2018-11-28,4226
13601,2018-11-29,4774
13601,2018-12-18,3074
13601,2018-12-19,5480
13601,2018-12-14,2143
13601,2018-12-15,2239
13601,2019-01-08,43
13601,2019-01-09,34
13601,2019-01-01,90
13601,2019-01-02,84
13601,2019-01-03,86
13601,2019-01-04,47
13601,2019-01-05,48
13601,2019-01-06,47
13601,2019-01-07,49
13601,2019-01-19,19
13601,2019-01-18,21
13601,2019-01-13,21
13601,2019-01-12,28
13601,2019-01-11,36
13601,2019-01-10,35
13601,2019-01-17,23
13601,2019-01-16,23
13601,2019-01-15,19
13601,2019-01-14,22
13601,2019-01-28,15
13601,2019-01-29,4
13601,2019-01-26,12
13601,2019-01-27,16
13601,2019-01-25,4
13601,2019-01-22,8
13601,2019-01-20,16
13601,2019-01-21,20
13701,2019-01-31,9
13701,2019-01-21,525
13701,2019-01-20,637
13701,2019-01-23,8
13701,2019-01-22,363
13701,2019-01-25,217
13701,2019-01-27,334
13701,2019-01-26,383
13701,2019-01-29,14
13701,2019-01-28,148
13701,2018-10-22,17
13701,2018-10-23,2
13701,2018-10-31,242
13701,2018-11-18,646
13701,2018-11-02,1018
13701,2018-11-26,656
13701,2018-11-22,710
13701,2018-11-19,625
13701,2018-11-10,652
13701,2018-11-11,558
13701,2018-11-12,659
13701,2018-11-13,585
13701,2018-11-08,639
13701,2018-12-24,1
13701,2018-12-25,2
13701,2018-12-27,2
13701,2018-12-20,3
13701,2018-12-23,3
13701,2018-11-06,475
13701,2018-11-05,869
13701,2018-11-01,1119
13701,2018-12-28,1
13701,2018-11-03,857
13701,2018-12-30,1
13701,2018-11-30,6
13701,2018-12-08,3
13701,2018-12-09,4
13701,2018-12-02,4
13701,2018-12-03,7
13701,2018-12-01,4
13701,2018-12-06,3
13701,2018-12-07,3
13701,2018-12-04,4
13701,2018-12-05,3
13701,2018-11-25,631
13701,2018-11-24,563
13701,2018-11-27,451
13701,2018-11-21,507
13701,2018-11-20,600
13701,2018-11-23,630
13701,2018-11-29,8
13701,2018-11-28,15
13701,2019-01-30,12
13701,2018-11-07,678
13701,2018-11-04,831
13701,2018-12-19,2
13701,2018-12-18,1
13701,2018-12-17,5
13701,2018-12-11,3
13701,2018-12-10,3
13701,2018-12-13,3
13701,2018-12-12,1
13701,2018-11-14,631
13701,2018-11-15,639
13701,2018-12-14,1
13701,2018-11-16,664
13701,2019-01-18,636
13701,2019-01-19,794
13701,2019-01-10,2509
13701,2019-01-11,1104
13701,2019-01-12,634
13701,2019-01-13,669
13701,2019-01-14,751
13701,2019-01-15,738
13701,2019-01-16,613
13701,2019-01-17,623
13701,2018-11-17,609
13701,2018-11-09,622
13701,2019-01-09,2288
13701,2019-01-08,2435
13701,2019-01-03,3567
13701,2019-01-02,1
13701,2019-01-01,1
13701,2019-01-07,2538
13701,2019-01-06,2166
13701,2019-01-05,2799
13701,2019-01-04,2109
13801,2018-11-12,2
13801,2018-10-30,27
13801,2018-10-31,95
13801,2018-10-29,5
13801,2018-11-05,2
13801,2019-01-03,1
13801,2018-11-27,1
13802,2018-10-29,2
13802,2018-10-30,2
13901,2018-11-12,3
13901,2019-01-03,1
14001,2018-12-22,623
14001,2018-12-23,646
14001,2018-12-20,583
14001,2018-12-21,589
14001,2018-12-26,635
14001,2018-12-27,658
14001,2018-12-24,532
14001,2018-12-25,675
14001,2018-12-28,607
14001,2018-12-29,578
14001,2018-12-31,46
14001,2018-12-30,1070
14001,2019-01-31,1
14001,2019-01-29,1
14001,2019-01-21,1
14001,2019-01-20,1
14001,2019-01-27,1
14001,2019-01-26,2
14001,2019-01-18,2
14001,2019-01-19,1
14001,2019-01-16,5
14001,2019-01-17,2
14001,2019-01-15,2
14001,2019-01-12,4
14001,2019-01-13,2
14001,2019-01-10,10
14001,2019-01-11,4
14001,2019-01-01,19
14001,2019-01-03,6
14001,2019-01-02,10
14001,2019-01-05,3
14001,2019-01-04,3
14001,2019-01-07,10
14001,2019-01-06,11
14001,2019-01-09,6
14001,2019-01-08,9
14001,2018-12-07,730
14001,2018-12-02,731
14001,2018-12-03,671
14001,2018-11-30,234
14001,2018-11-26,1
14001,2018-11-23,3
14001,2018-11-21,43
14001,2018-12-08,644
14001,2018-12-09,785
14001,2018-12-06,714
14001,2018-12-01,803
14001,2018-12-04,626
14001,2018-12-05,554
14001,2018-11-19,3
14001,2018-11-16,1
14001,2018-11-15,37
14001,2018-12-19,699
14001,2018-12-18,624
14001,2018-12-17,682
14001,2018-12-16,710
14001,2018-12-15,622
14001,2018-12-14,616
14001,2018-12-13,596
14001,2018-12-12,626
14001,2018-12-11,578
14001,2018-12-10,680
14002,2018-12-26,1
14002,2018-12-21,4
14002,2018-11-16,16
14002,2018-12-10,7
14002,2018-12-11,1
14002,2018-12-17,1
14002,2019-01-08,1
14002,2018-11-27,1
14002,2018-12-07,3
14002,2019-01-10,1
14002,2019-01-17,1
14002,2019-01-16,1
14002,2018-11-19,3
14101,2018-12-10,3
14101,2018-12-11,6
14101,2018-12-12,3
14101,2018-12-04,13
14101,2018-12-07,1
14101,2018-12-06,4
14101,2018-12-05,43
14101,2019-01-28,1091
14101,2019-01-29,7426
14101,2019-01-20,1949
14101,2019-01-21,1262
14101,2019-01-22,681
14101,2019-01-23,1
14101,2019-01-24,7
14101,2019-01-25,485
14101,2019-01-26,1100
14101,2019-01-27,857
14101,2019-01-31,120
14101,2019-01-30,4561
14101,2018-12-14,5
14101,2019-01-08,1400
14101,2019-01-09,1246
14101,2019-01-06,1463
14101,2019-01-07,1351
14101,2019-01-04,1188
14101,2019-01-05,1143
14101,2019-01-03,1631
14101,2019-01-01,3
14101,2019-01-11,257
14101,2019-01-10,1208
14101,2019-01-13,247
14101,2019-01-12,176
14101,2019-01-15,1145
14101,2019-01-14,1142
14101,2019-01-17,1705
14101,2019-01-16,1282
14101,2019-01-19,1435
14101,2019-01-18,1577
14102,2019-01-03,1395
14102,2019-01-02,1076
14102,2019-01-01,882
14102,2019-01-07,1684
14102,2019-01-06,1744
14102,2019-01-05,1610
14102,2019-01-04,1689
14102,2019-01-09,1625
14102,2019-01-08,1576
14102,2019-01-30,2243
14102,2019-01-31,631
14102,2019-01-29,4286
14102,2019-01-28,8288
14102,2019-01-21,3146
14102,2019-01-20,2360
14102,2019-01-23,22
14102,2019-01-22,3915
14102,2019-01-25,731
14102,2019-01-24,22
14102,2019-01-27,7844
14102,2019-01-26,6950
14102,2018-12-20,2
14102,2018-12-21,110
14102,2018-12-06,6
14102,2018-12-14,3
14102,2018-12-17,15
14102,2018-12-11,7
14102,2018-12-13,1
14102,2018-12-12,3
14102,2018-12-19,2
14102,2019-01-10,3491
14102,2019-01-11,3396
14102,2019-01-12,2854
14102,2019-01-13,2958
14102,2019-01-14,2544
14102,2019-01-15,2457
14102,2019-01-16,2429
14102,2019-01-17,2770
14102,2019-01-18,2437
14102,2019-01-19,2397
14103,2019-01-01,4
14103,2019-01-03,1
14103,2019-01-10,1
14103,2019-01-17,1
14103,2018-12-20,1
14103,2018-12-18,1
14103,2018-12-19,1
14103,2018-12-12,1
14103,2018-12-13,3
14103,2018-12-10,11
14103,2018-12-11,2
14103,2018-12-17,1
14103,2018-12-14,1
14103,2018-12-07,10
14201,2018-12-26,6
14201,2018-12-27,8
14201,2018-12-20,3
14201,2018-12-28,12
14201,2018-12-29,2
14201,2019-01-18,6
14201,2019-01-10,1
14201,2019-01-14,1
14201,2019-01-15,1
14201,2019-01-16,1
14201,2019-01-17,2
14201,2019-01-09,1
14201,2019-01-08,1
14201,2019-01-03,7
14201,2019-01-02,5
14201,2019-01-01,1
14201,2019-01-07,3
14201,2019-01-04,3
14201,2019-01-30,2
14201,2019-01-31,4
14201,2018-12-19,10
14201,2018-12-14,2
14201,2019-01-21,5
14201,2019-01-22,1
14201,2019-01-29,2
14202,2019-01-03,1
14202,2018-12-17,4
14301,2019-01-08,24
14301,2019-01-09,9
14301,2019-01-01,5
14301,2019-01-02,1
14301,2019-01-03,7
14301,2019-01-07,2
14301,2019-01-19,3708
14301,2019-01-18,3481
14301,2019-01-13,1732
14301,2019-01-11,1
14301,2019-01-10,20
14301,2019-01-17,4082
14301,2019-01-16,2823
14301,2019-01-15,2414
14301,2019-01-14,1675
14301,2019-01-28,4835
14301,2019-01-29,10032
14301,2019-01-26,8909
14301,2019-01-27,8852
14301,2019-01-23,4
14301,2019-01-20,10432
14301,2019-01-21,4521
14301,2019-01-31,339
14301,2019-01-30,8307
14301,2018-12-18,18
14301,2019-01-25,3019
14301,2019-01-22,3349
14301,2018-12-25,3
14301,2018-12-21,16
14301,2018-12-20,8
14301,2018-12-19,28
14401,2019-01-27,47
14401,2019-01-26,53
14401,2019-01-25,10
14401,2019-01-23,19
14401,2019-01-22,2679
14401,2019-01-21,4471
14401,2019-01-20,5314
14401,2019-01-29,44
14401,2019-01-18,4365
14401,2019-01-19,4984
14401,2019-01-10,3
14401,2019-01-16,5686
14401,2019-01-17,4102
14401,2019-01-14,5
14401,2019-01-15,6
14401,2019-01-09,3
14401,2019-01-07,3
14401,2019-01-03,8
14401,2019-01-28,41
14401,2018-12-28,13
14401,2018-12-29,3
14401,2019-01-30,36
14401,2019-01-31,35
14402,2019-01-22,5
14402,2019-01-23,1
14402,2019-01-21,4
14402,2019-01-28,11
14402,2019-01-29,3
14402,2019-01-31,4
14402,2019-01-30,12
14402,2019-01-09,3
14402,2019-01-07,7
14402,2019-01-17,1
14402,2019-01-15,2
14402,2019-01-10,1
14501,2019-01-24,1
14501,2019-01-28,2
14501,2019-01-29,4
14501,2019-01-21,2
14501,2019-01-31,2
14501,2019-01-30,6
14501,2019-01-18,18
14601,2019-01-31,4